ds,seed,cls,feature,group,imp_hier,imp_hier_signed,imp_flat,imp_xgb
unsw,0,Analysis,proto,Basic,0.3421301214955747,0.3399590884707868,0.34141548151150347,0.9238932809263936
unsw,0,Analysis,service,Basic,0.04562787982169539,-6.259044166654349e-05,0.048486515139229594,0.1627554398627253
unsw,0,Analysis,state,Basic,0.14267101970501245,0.13106060578487813,0.14704828321002425,0.008329324855061713
unsw,0,Analysis,dur,Basic,0.005954737202264368,0.003242152821039781,0.006525867485615891,0.023336577130117803
unsw,0,Analysis,spkts,Basic,0.016105303396470844,-0.012048215507529676,0.011817439759615809,0.01132572527492812
unsw,0,Analysis,dpkts,Basic,0.004038891874952242,-0.0012417892355006189,0.004226853028230834,0.004173313771170799
unsw,0,Analysis,sbytes,Basic,0.14182330656331033,0.14053083230275662,0.15524062640964986,0.2831815080351662
unsw,0,Analysis,dbytes,Basic,0.06845572432503104,0.0654789968393743,0.0658346791099757,0.04808854847602924
unsw,0,Analysis,rate,Basic,0.021958792396471836,-0.0035637441353173925,0.021123520854162053,0.0265369634871913
unsw,0,Analysis,sttl,Basic,0.06673798961099237,0.06590467954520136,0.0636349958134815,0.07392553016123929
unsw,0,Analysis,dttl,Basic,0.09559770798310638,0.09408758645877242,0.09473841968923807,0.00710670029778703
unsw,0,Analysis,sload,Basic,0.04011700055445545,0.03203258022782393,0.039740917404415085,0.05265474302534129
unsw,0,Analysis,dload,Basic,0.028175329584628345,0.007510400395840406,0.02955250713042915,0.0038344239107573237
unsw,0,Analysis,sloss,Basic,0.011799912536516785,0.005050122430548072,0.010521574400772806,0.002369433340172691
unsw,0,Analysis,dloss,Basic,0.04163617558777332,0.040876436084508895,0.040863373596221206,0.006594468233030055
unsw,0,Analysis,swin,Content,0.08114990089088678,0.07307132180780172,0.09134582880884409,0.0006301522234753067
unsw,0,Analysis,dwin,Content,0.10490030255168677,0.08699496407061816,0.12152365311980247,0.0030704994023835748
unsw,0,Analysis,stcpb,Content,0.03773288305848837,0.034791214801371095,0.04112422108650207,0.015370533127766976
unsw,0,Analysis,dtcpb,Content,0.011599425827153027,0.010344155407510698,0.010355919818393886,0.007088221570971656
unsw,0,Analysis,smean,Content,0.6953272762522101,0.6857534888014197,0.7312641840428113,0.22116844934294932
unsw,0,Analysis,dmean,Content,0.15797786965966223,0.1478564913570881,0.14357996702194215,0.03849591875935948
unsw,0,Analysis,trans_depth,Content,0.021710836349520833,-0.02170607935404405,0.019443681677803398,0.010254458551209608
unsw,0,Analysis,response_body_len,Content,0.02464282250031829,-0.02464282250031829,0.029161094296723603,0.09535042588435319
unsw,0,Analysis,sjit,Time,0.020182661674916745,0.005203744987957179,0.015860523467417807,0.009941360276257909
unsw,0,Analysis,djit,Time,0.04549868505448103,0.028564600721001625,0.042779948953539135,0.010374700617408961
unsw,0,Analysis,sinpkt,Time,0.0852960266917944,0.07001221489161252,0.06935911382548511,0.014408673738713334
unsw,0,Analysis,dinpkt,Time,0.12442507394589483,0.12044225222431124,0.11740934299305081,0.006683032087323226
unsw,0,Analysis,tcprtt,Time,0.032987215551547704,0.026044219764880836,0.026652994300238788,0.017991827930902225
unsw,0,Analysis,synack,Time,0.07102687273174524,0.05829312805086374,0.06206267383415252,0.053881306975497874
unsw,0,Analysis,ackdat,Time,0.028682449962943793,0.024848441537469627,0.020469612653832882,0.02217954361953161
unsw,0,Analysis,is_sm_ips_ports,Additional,0.009779360884567722,0.009217467874987052,0.010006309864693322,2.4906268212362197e-05
unsw,0,Analysis,ct_state_ttl,Additional,0.40614124849438665,0.3547507746517658,0.4009619308263063,0.010736671061058588
unsw,0,Analysis,ct_flw_http_mthd,Additional,0.025843023292254658,-0.016949008132796733,0.025166470456169918,0.004321553132664121
unsw,0,Analysis,is_ftp_login,Additional,0.0010159091390960385,0.0009242122687282972,0.000905030289577553,5.563862172903098e-05
unsw,0,Analysis,ct_ftp_cmd,Additional,0.0024490203431923874,0.0015455501244287006,0.0023095684449071997,4.896640722108711e-06
unsw,0,Analysis,ct_srv_src,Additional,0.11835880707018077,-0.07857696847990155,0.12092895091511309,0.0898856428146246
unsw,0,Analysis,ct_srv_dst,Additional,0.12642237519612537,0.046200276038143785,0.12145538228098303,0.09802533512016819
unsw,0,Analysis,ct_dst_ltm,Additional,0.06921783452038653,-0.006867524253902957,0.07118949989555404,0.0324761979360428
unsw,0,Analysis,ct_src_ltm,Additional,0.15955003086477518,0.14217004674486816,0.17394672310561873,0.091841418934604
unsw,0,Analysis,ct_src_dport_ltm,Additional,0.08282993250119035,0.010194817678420804,0.08080481307813897,0.10174116711392714
unsw,0,Analysis,ct_dst_sport_ltm,Additional,0.19637711063027383,0.17717719685286284,0.2023548695538193,0.02673883072675381
unsw,0,Analysis,ct_dst_src_ltm,Additional,0.10894392140209674,0.08254341721534729,0.09746477032080293,0.1334563253675006
unsw,0,Backdoor,proto,Basic,0.41749068615958096,0.4163715290464461,0.42555593814700843,0.9591821401483612
unsw,0,Backdoor,service,Basic,0.07563005897216499,0.06045956679619849,0.0850910818320699,0.21752339062191453
unsw,0,Backdoor,state,Basic,0.18201669176574797,0.17499169359449296,0.1836315954849124,0.0061199146617145735
unsw,0,Backdoor,dur,Basic,0.014965316187590361,-0.007349162376485765,0.01636474224855192,0.04096294410548582
unsw,0,Backdoor,spkts,Basic,0.019829477129969745,0.01698741824598983,0.021734103275812232,0.016869522787255845
unsw,0,Backdoor,dpkts,Basic,0.007979779559245798,0.003592213283118326,0.007669911419798154,0.0020449741057882416
unsw,0,Backdoor,sbytes,Basic,0.1858061705902219,0.1858061705902219,0.19294830081984402,0.2933501192219554
unsw,0,Backdoor,dbytes,Basic,0.04278165852651,0.03873028999194503,0.044228995852172374,0.0363143809763715
unsw,0,Backdoor,rate,Basic,0.019789295798982493,0.002584129406022839,0.01955593840102665,0.022599096631765868
unsw,0,Backdoor,sttl,Basic,0.09464714879170061,0.0836178825236857,0.09506114024668932,0.08464264813125918
unsw,0,Backdoor,dttl,Basic,0.14731400344520806,0.1451537297293544,0.15204971369355916,0.0308116991301722
unsw,0,Backdoor,sload,Basic,0.037602487097028646,0.03217317698290571,0.03911191383609548,0.1104163205703371
unsw,0,Backdoor,dload,Basic,0.024984408842865378,0.011235066952649505,0.028288532351143657,0.011936938161132277
unsw,0,Backdoor,sloss,Basic,0.027657923605293035,0.025065187904983757,0.02883610169403255,0.012821483576655739
unsw,0,Backdoor,dloss,Basic,0.08106895193457603,0.06625066727399825,0.08653402859345079,0.01976349878279143
unsw,0,Backdoor,swin,Content,0.22555759131908418,0.17527123779058457,0.23542359113693237,0.0008875979898457441
unsw,0,Backdoor,dwin,Content,0.17598722238559275,0.17548869386781007,0.17942210976034403,0.0002702853052469435
unsw,0,Backdoor,stcpb,Content,0.04891092990990728,0.046983756734989585,0.05017125913407654,0.0033919951852221853
unsw,0,Backdoor,dtcpb,Content,0.015871098006609827,0.005070040107239038,0.015992759050568565,0.013730287929050972
unsw,0,Backdoor,smean,Content,0.8261949408054352,0.8226806735992431,0.8503861549124122,0.3365195275578881
unsw,0,Backdoor,dmean,Content,0.21944256022572517,0.20267069198191165,0.21172954242676498,0.08338902250985852
unsw,0,Backdoor,trans_depth,Content,0.022003230151021853,-0.006777652796590701,0.022338549476116895,0.004586620637694069
unsw,0,Backdoor,response_body_len,Content,0.020593322063796222,0.019664519927464427,0.02086899329908192,0.029329776831666113
unsw,0,Backdoor,sjit,Time,0.04495894966414198,-0.0039765841118060054,0.053240504562854764,0.007009970300539862
unsw,0,Backdoor,djit,Time,0.05259083583019674,0.038291300805285575,0.05031682235188782,0.005537078615114301
unsw,0,Backdoor,sinpkt,Time,0.05065626337076537,0.02845895482110791,0.04900504707358778,0.07344899300955053
unsw,0,Backdoor,dinpkt,Time,0.14129645456559956,0.1221923307608813,0.14033711574971675,0.003998432907195819
unsw,0,Backdoor,tcprtt,Time,0.07602802520617842,0.073853605594486,0.07478289705701173,0.015729660676843196
unsw,0,Backdoor,synack,Time,0.061880990164354444,0.04999482427723706,0.06134665188379586,0.07413251768457124
unsw,0,Backdoor,ackdat,Time,0.040893889535218476,0.018718385137617588,0.03920854340074584,0.01901057472411048
unsw,0,Backdoor,is_sm_ips_ports,Additional,0.009763602756720502,0.00975949933839729,0.009960518634179606,3.7083106064528705e-05
unsw,0,Backdoor,ct_state_ttl,Additional,0.3982505510747433,0.3883617071807384,0.3894947137311101,0.012300790298952962
unsw,0,Backdoor,ct_flw_http_mthd,Additional,0.05185204178094864,0.04857439190149307,0.049691829923540355,0.002527442299273387
unsw,0,Backdoor,is_ftp_login,Additional,0.001522298775089439,0.001522298775089439,0.0015746482330723666,5.659650466941451e-05
unsw,0,Backdoor,ct_ftp_cmd,Additional,0.0034182051391690037,0.003396510512684472,0.003059732751644333,3.257147236126913e-06
unsw,0,Backdoor,ct_srv_src,Additional,0.14771826941054314,-0.10340292308013886,0.1448711764626205,0.08301890595885922
unsw,0,Backdoor,ct_srv_dst,Additional,0.12881560093723238,0.025314309475943444,0.12676083324477078,0.08346229153835155
unsw,0,Backdoor,ct_dst_ltm,Additional,0.09925304650329053,0.01328397186473012,0.09970509179634973,0.029483059301186585
unsw,0,Backdoor,ct_src_ltm,Additional,0.2791232147417031,0.2688974165194668,0.29225620747543873,0.18801721479284617
unsw,0,Backdoor,ct_src_dport_ltm,Additional,0.07994685133220628,0.03122096279403195,0.08034009010298178,0.10623112939055135
unsw,0,Backdoor,ct_dst_sport_ltm,Additional,0.22099051936063915,0.21445014945697038,0.21677223186939953,0.026784350181529585
unsw,0,Backdoor,ct_dst_src_ltm,Additional,0.0820663144486025,0.053559595481492576,0.06776915486203507,0.09994945455923149
unsw,0,DoS,proto,Basic,0.40596762669272723,0.3820566793251783,0.3988464560545981,0.61750459761254
unsw,0,DoS,service,Basic,0.1123242251132615,-0.015192020076792687,0.12558713234029711,0.20463136129835038
unsw,0,DoS,state,Basic,0.2096759498026222,0.14488287993706764,0.21393703249283136,0.005174254848920099
unsw,0,DoS,dur,Basic,0.028023344413377345,-0.002028936124406755,0.030675498101627455,0.026342631850166075
unsw,0,DoS,spkts,Basic,0.07172121813055128,0.04226440708618611,0.0723722174577415,0.036955694845815734
unsw,0,DoS,dpkts,Basic,0.05091088516637683,0.02287665454670787,0.054527962002903226,0.0068880556891672325
unsw,0,DoS,sbytes,Basic,0.18484092571772634,0.17426910982467234,0.18960769053548573,0.29327609513711644
unsw,0,DoS,dbytes,Basic,0.09684090813621879,0.06073523109778762,0.10183044348843395,0.12664890507813104
unsw,0,DoS,rate,Basic,0.049532580580562355,-0.004270652928389609,0.051777095483848824,0.02265648572520695
unsw,0,DoS,sttl,Basic,0.2080753587000072,0.18789140215143563,0.23035900415619837,0.18683406500644195
unsw,0,DoS,dttl,Basic,0.1521745133958757,0.14915109733119608,0.17566250207833944,0.0188401136197208
unsw,0,DoS,sload,Basic,0.03515434812288731,0.0036245499225333335,0.0371174173487816,0.03484697101663916
unsw,0,DoS,dload,Basic,0.06052533311303705,0.03750642975326628,0.06461381543427706,0.024099575741616718
unsw,0,DoS,sloss,Basic,0.06718493481166661,0.04249337238259614,0.07052442513406276,0.06195321486088505
unsw,0,DoS,dloss,Basic,0.08338871856685728,0.07075070164632052,0.08895020608673804,0.031016489816902318
unsw,0,DoS,swin,Content,0.11092476807534694,0.10984268218278885,0.11122088707285002,0.0015327161358627557
unsw,0,DoS,dwin,Content,0.1593731614854187,0.15626473740674554,0.15840194681659342,0.0008659317177662155
unsw,0,DoS,stcpb,Content,0.04273002981208265,0.03739125893916935,0.04049070144072175,0.012950225609689362
unsw,0,DoS,dtcpb,Content,0.017644395801471546,0.005629913770826533,0.01780076514231041,0.007849457504518799
unsw,0,DoS,smean,Content,0.5034761236328632,0.44987166601233186,0.5184376185480505,0.21284838654706253
unsw,0,DoS,dmean,Content,0.15840891025960446,0.13001342453062534,0.14347746586427093,0.09276765399900616
unsw,0,DoS,trans_depth,Content,0.07120098599116317,0.05932728467392735,0.06532303564366884,0.006363659543127139
unsw,0,DoS,response_body_len,Content,0.05779509225627408,0.057454994327854364,0.04961837919894606,0.03611804254827075
unsw,0,DoS,sjit,Time,0.0563645150931552,-0.011625104085542261,0.05957327402196824,0.020742686436598892
unsw,0,DoS,djit,Time,0.05555518195964396,0.02498970345593989,0.05304020630195737,0.019634847662891836
unsw,0,DoS,sinpkt,Time,0.06452490611583926,0.03126385441166349,0.06493303381837905,0.01775866447629596
unsw,0,DoS,dinpkt,Time,0.0983825868461281,0.059958872431889174,0.09045039298944176,0.009292637421071047
unsw,0,DoS,tcprtt,Time,0.09422265831381083,0.07291364494711161,0.0935882480069995,0.017081599357989027
unsw,0,DoS,synack,Time,0.09271040806546807,0.08313981706276535,0.09099249511025846,0.0934335854306046
unsw,0,DoS,ackdat,Time,0.06812810701783746,0.06075638430658728,0.0663178178993985,0.013177861848260364
unsw,0,DoS,is_sm_ips_ports,Additional,0.008434422657592222,0.008323440368985757,0.009083802402601577,7.435657358291794e-05
unsw,0,DoS,ct_state_ttl,Additional,0.3446504162042402,0.3428986806771718,0.3538350973278284,0.011479414051396812
unsw,0,DoS,ct_flw_http_mthd,Additional,0.07054643431387377,0.06253762121370528,0.06776191882090643,0.005638898898405389
unsw,0,DoS,is_ftp_login,Additional,0.0009386387447375455,7.823158808605513e-05,0.001087754563195631,0.0003755722645050809
unsw,0,DoS,ct_ftp_cmd,Additional,0.002689802506065462,0.0023079104139469564,0.0025673005732824096,1.6026570780013564e-05
unsw,0,DoS,ct_srv_src,Additional,0.10845789786893874,0.013742320141755044,0.10735128481406718,0.09364633103998493
unsw,0,DoS,ct_srv_dst,Additional,0.11420039501274004,0.06630936505505815,0.11278048840351403,0.19353788746824283
unsw,0,DoS,ct_dst_ltm,Additional,0.07197776441113092,-0.02598538314574398,0.07012887246673927,0.035895929172271274
unsw,0,DoS,ct_src_ltm,Additional,0.18831132138730028,-0.16328591994126326,0.18997166172077415,0.1250102503540274
unsw,0,DoS,ct_src_dport_ltm,Additional,0.07373866328038275,-0.023034627102315425,0.07365143907489255,0.07172718422994878
unsw,0,DoS,ct_dst_sport_ltm,Additional,0.09592013212619349,0.04264947596238926,0.09439259683247656,0.03977926619972731
unsw,0,DoS,ct_dst_src_ltm,Additional,0.096727007268928,0.07412384604569525,0.0915707099204883,0.08047977052495119
unsw,0,Exploits,proto,Basic,0.13533890863414855,0.10389713670592755,0.1348488060501404,0.36970217130778465
unsw,0,Exploits,service,Basic,0.16431083137809765,0.1311842922057258,0.16689677230082453,0.404963848579493
unsw,0,Exploits,state,Basic,0.17025446945801379,0.17025446945801379,0.1890909027820453,0.008397871257846422
unsw,0,Exploits,dur,Basic,0.030135508158709853,-0.0019078156957402824,0.034062612525885924,0.03694807590012351
unsw,0,Exploits,spkts,Basic,0.0508246203395538,0.0077359713986516,0.056626147488714196,0.027741919564236023
unsw,0,Exploits,dpkts,Basic,0.031601629399228844,6.892345612868666e-05,0.03455911050492432,0.015176546175654953
unsw,0,Exploits,sbytes,Basic,0.18601388880051672,0.13796630525030196,0.188045371347107,0.2724422760495218
unsw,0,Exploits,dbytes,Basic,0.12843607333023102,0.055707345283590254,0.1357492504827678,0.300285205724358
unsw,0,Exploits,rate,Basic,0.030770251632202417,0.004890650182496756,0.033859317124588416,0.03650662718722017
unsw,0,Exploits,sttl,Basic,0.38088444461114707,0.37295887409709394,0.4210548502020538,0.33675813881607264
unsw,0,Exploits,dttl,Basic,0.2677430830337107,0.26735464116558433,0.31027939963154494,0.15384011400866446
unsw,0,Exploits,sload,Basic,0.04756250734208152,0.008157024329993873,0.049772075151558966,0.044667014872859
unsw,0,Exploits,dload,Basic,0.07291836555348709,0.012054995617363602,0.08224568622710648,0.07406705466235143
unsw,0,Exploits,sloss,Basic,0.11543609856278636,0.09316577971214429,0.11170259291306138,0.09249839702704053
unsw,0,Exploits,dloss,Basic,0.1196547716925852,0.10139124844921753,0.12807042530970647,0.09964224828625266
unsw,0,Exploits,swin,Content,0.10848818466998637,0.10129267643205822,0.10579680621623994,0.005159419951618474
unsw,0,Exploits,dwin,Content,0.26674935802817346,0.23709620147943497,0.2550411501154304,0.001573162195010808
unsw,0,Exploits,stcpb,Content,0.04308364650118165,0.03822210874059238,0.04107834733906202,0.017298283181218718
unsw,0,Exploits,dtcpb,Content,0.02561146460589953,-0.001623834439087659,0.026858593208307868,0.024590092835671387
unsw,0,Exploits,smean,Content,0.5002781616244465,0.4443665633443743,0.5047922129835933,0.19515082487164911
unsw,0,Exploits,dmean,Content,0.40299870860762893,0.34823534709401427,0.35344458314590155,0.26424928793258373
unsw,0,Exploits,trans_depth,Content,0.15014352272613907,0.11531478255870752,0.15000454750144854,0.012941173860499476
unsw,0,Exploits,response_body_len,Content,0.08426235055550933,0.010967608895152808,0.09072763760574162,0.058573668960780194
unsw,0,Exploits,sjit,Time,0.06482470223098062,0.009706214134348556,0.07065171988448128,0.014601793959925996
unsw,0,Exploits,djit,Time,0.08333818017854355,0.05458315889700316,0.0885600012075156,0.026563328458491
unsw,0,Exploits,sinpkt,Time,0.14949405477615074,0.1277528530615382,0.1520696335984394,0.01204142752758708
unsw,0,Exploits,dinpkt,Time,0.12959988481365145,0.07604563421569764,0.13668564930558205,0.021751594503321033
unsw,0,Exploits,tcprtt,Time,0.10886129967868328,0.06718418071046471,0.1106268468615599,0.03824227215049905
unsw,0,Exploits,synack,Time,0.14471882774843833,0.1292024420888629,0.1528590612381231,0.07410223324847902
unsw,0,Exploits,ackdat,Time,0.15929459072533064,0.15256998906494118,0.17324509822530673,0.03560906152390453
unsw,0,Exploits,is_sm_ips_ports,Additional,0.005911403229983989,0.005413554661499802,0.006563438734883675,0.00026652009660392626
unsw,0,Exploits,ct_state_ttl,Additional,0.43459915681742134,0.4284820352960378,0.46582663742825386,0.029574128772619588
unsw,0,Exploits,ct_flw_http_mthd,Additional,0.11371724203811027,0.09498227921430953,0.10710853435099126,0.019889030509097207
unsw,0,Exploits,is_ftp_login,Additional,0.0013392010721145198,-0.00039521606435300783,0.0021241614800237584,0.006763702071384616
unsw,0,Exploits,ct_ftp_cmd,Additional,0.010331809948838781,0.005110923886531964,0.011465022883785423,0.00046440857152356337
unsw,0,Exploits,ct_srv_src,Additional,0.13361698305932804,0.07010352519107982,0.14071027608239092,0.08063057338263027
unsw,0,Exploits,ct_srv_dst,Additional,0.18005902899429202,0.14482797294855118,0.19350167176220567,0.1050449026693459
unsw,0,Exploits,ct_dst_ltm,Additional,0.06924431191873737,-0.029613235940923913,0.07382816833909601,0.009937307447245986
unsw,0,Exploits,ct_src_ltm,Additional,0.07895535034011118,-0.031163405993720517,0.08338572814245708,0.0327628896185197
unsw,0,Exploits,ct_src_dport_ltm,Additional,0.06942819640156812,-0.05546562665491365,0.06818334975512698,0.03725076640030241
unsw,0,Exploits,ct_dst_sport_ltm,Additional,0.08591382268001325,0.04260628702701069,0.08656550487270578,0.018566683487289997
unsw,0,Exploits,ct_dst_src_ltm,Additional,0.07782557975267991,0.052526376636233184,0.08670351970475167,0.11874432996081302
unsw,0,Fuzzers,proto,Basic,0.2720426744269207,0.04368356406223029,0.29917555532418194,0.5722938531937543
unsw,0,Fuzzers,service,Basic,0.29160974532365797,0.2853418949246407,0.29532884530723097,0.3227662160196051
unsw,0,Fuzzers,state,Basic,0.19128187227062882,0.14908097088336944,0.18970117553137242,0.010047698003476395
unsw,0,Fuzzers,dur,Basic,0.03492172856233083,-0.006039283707505092,0.037064052559435366,0.031880857584707
unsw,0,Fuzzers,spkts,Basic,0.0795551209046971,0.044825681847287344,0.090898534769658,0.05335115217965359
unsw,0,Fuzzers,dpkts,Basic,0.09810453063342721,0.026663878350518644,0.10063290711026639,0.007924994835728285
unsw,0,Fuzzers,sbytes,Basic,0.36821751869283614,0.3050501761678606,0.37156796745955945,0.3810939677687129
unsw,0,Fuzzers,dbytes,Basic,0.24257842620601877,0.2174927118816413,0.2365490717231296,0.24923041705874494
unsw,0,Fuzzers,rate,Basic,0.03662218017620034,-0.012074626988032832,0.03921468127984554,0.03117964566856971
unsw,0,Fuzzers,sttl,Basic,0.2865126444399357,0.2846330834925175,0.3062886231392622,0.22999300217794377
unsw,0,Fuzzers,dttl,Basic,0.27534749422222377,0.2736881273984909,0.29141384485177696,0.015536055268166813
unsw,0,Fuzzers,sload,Basic,0.058210523230955005,0.02674365202896297,0.060792684708721935,0.022048697729958797
unsw,0,Fuzzers,dload,Basic,0.06293050868436695,-0.02135576636530459,0.06614031716482714,0.03702728746886716
unsw,0,Fuzzers,sloss,Basic,0.10654464788851328,0.07498343851300887,0.11543560018995777,0.15178543360465482
unsw,0,Fuzzers,dloss,Basic,0.12220697872340679,0.06015324342995882,0.13006661624880508,0.04194141051544647
unsw,0,Fuzzers,swin,Content,0.13295105551835149,0.11629508221056312,0.13544345645932482,0.0018726194732607828
unsw,0,Fuzzers,dwin,Content,0.3036696053761989,0.29663948877714574,0.29824875317979604,0.001922811099881071
unsw,0,Fuzzers,stcpb,Content,0.06341354670468718,0.050614033113233745,0.06524531934177503,0.014188180795026708
unsw,0,Fuzzers,dtcpb,Content,0.02243506319471635,-0.002824815447675064,0.024937289540539496,0.011014230323344233
unsw,0,Fuzzers,smean,Content,0.5057931771315635,0.39008090157061814,0.5473663076851517,0.2992603078877436
unsw,0,Fuzzers,dmean,Content,0.46031196536961944,0.4286367895966396,0.4666360596846789,0.15304243085323102
unsw,0,Fuzzers,trans_depth,Content,0.0389180690899957,0.035995475683594125,0.034453415108146146,0.008831948987048234
unsw,0,Fuzzers,response_body_len,Content,0.02431857648480218,0.02416809195128735,0.02798923397436738,0.036745013111702064
unsw,0,Fuzzers,sjit,Time,0.1374363093590364,0.0681832001497969,0.14809500641655177,0.01755861752947385
unsw,0,Fuzzers,djit,Time,0.07116773222340271,0.04442534846952185,0.07507754041813314,0.042930151475386084
unsw,0,Fuzzers,sinpkt,Time,0.12274918407201767,0.017913639545440674,0.11596377233276144,0.02471685930254172
unsw,0,Fuzzers,dinpkt,Time,0.12450470969546586,0.08182587080169469,0.12142076668329536,0.03309643265809426
unsw,0,Fuzzers,tcprtt,Time,0.14893209415255115,0.11846807802794501,0.16036702238256112,0.05996714210012394
unsw,0,Fuzzers,synack,Time,0.1019557183701545,0.024796445816755296,0.10718001262750476,0.37904104088996626
unsw,0,Fuzzers,ackdat,Time,0.23225711808539928,0.20543366671539842,0.24347444902639837,0.03638583031832604
unsw,0,Fuzzers,is_sm_ips_ports,Additional,0.014763841300737112,0.01472563821123913,0.016573150316253303,2.9713145511777854e-05
unsw,0,Fuzzers,ct_state_ttl,Additional,0.6618908564094454,0.644394540367648,0.6757785278186202,0.018216098171729752
unsw,0,Fuzzers,ct_flw_http_mthd,Additional,0.07015328175388276,0.06020729866810143,0.05923176921904087,0.0064721214772525855
unsw,0,Fuzzers,is_ftp_login,Additional,0.0010256705051506288,7.907118055300088e-05,0.0011671661061336636,5.903589201898283e-05
unsw,0,Fuzzers,ct_ftp_cmd,Additional,0.0041529980994528155,-0.004092713842983358,0.0047086479148129,1.4229141946998439e-05
unsw,0,Fuzzers,ct_srv_src,Additional,0.18294130072928966,0.12321085083298385,0.1834796729683876,0.07395665257429937
unsw,0,Fuzzers,ct_srv_dst,Additional,0.14432797696907074,0.07338876551482826,0.16224045374430715,0.2749999676553125
unsw,0,Fuzzers,ct_dst_ltm,Additional,0.06861820234218613,0.008762470851652325,0.0790153972292319,0.012162939324092799
unsw,0,Fuzzers,ct_src_ltm,Additional,0.08755413242150098,-0.020159907774068415,0.09806210123933852,0.01086277813544439
unsw,0,Fuzzers,ct_src_dport_ltm,Additional,0.28514537677168844,0.053885368257761,0.30430422723293304,0.15340399742174665
unsw,0,Fuzzers,ct_dst_sport_ltm,Additional,0.31592341187410056,0.2346939894463867,0.3184868764691055,0.029080555645530703
unsw,0,Fuzzers,ct_dst_src_ltm,Additional,0.30283611655235293,-0.04114995654672384,0.3294001660821959,0.45282444598776067
unsw,0,Generic,proto,Basic,0.20099088381510227,0.20099088381510227,0.1994401180744171,0.7895380002367312
unsw,0,Generic,service,Basic,0.5630722834169865,0.5568623621761799,0.5769290649704635,4.276594349787107
unsw,0,Generic,state,Basic,0.056046303659677506,0.05523663997650147,0.06103523388504982,0.009581587240099904
unsw,0,Generic,dur,Basic,0.025020913055632265,0.023777228423859924,0.024861245695501567,0.04208174334600335
unsw,0,Generic,spkts,Basic,0.11451413666829467,0.11310971504077315,0.12210397518705576,0.03144051042883075
unsw,0,Generic,dpkts,Basic,0.001539009849075228,0.0009763279953040183,0.0014637080574175342,0.0015457473728311012
unsw,0,Generic,sbytes,Basic,0.5501798299700021,0.5483970490843058,0.5605798009037971,1.0415188658662955
unsw,0,Generic,dbytes,Basic,0.048634267470333725,0.048634267470333725,0.05610942746512592,0.018415840367320926
unsw,0,Generic,rate,Basic,0.029738588747568427,0.0017903861729428171,0.03128166800364852,0.02729645628307479
unsw,0,Generic,sttl,Basic,0.22930558934807777,0.22026061549782752,0.25659585900604726,0.11084794581853567
unsw,0,Generic,dttl,Basic,0.24981597017496823,0.24981597017496823,0.2753828242048621,0.01873982682890346
unsw,0,Generic,sload,Basic,0.01979177394474391,0.019601914678351023,0.022864304810063914,0.06849580640517523
unsw,0,Generic,dload,Basic,0.006675731817958877,0.005705298454267904,0.005618129106005653,0.009815354001184462
unsw,0,Generic,sloss,Basic,0.030471975072287022,0.03030497697647661,0.03212975608650595,0.011169318488449794
unsw,0,Generic,dloss,Basic,0.04638782862573862,0.04638782862573862,0.03965751918964088,0.023863837220531425
unsw,0,Generic,swin,Content,0.2771268942952156,0.27334339886903763,0.27416477910242976,0.0007337268654518996
unsw,0,Generic,dwin,Content,0.10872688703238964,0.10872688703238964,0.09765520609915257,6.946084646915543e-05
unsw,0,Generic,stcpb,Content,0.02962013836717233,0.02943905972177163,0.02816342842532322,0.00341157967268373
unsw,0,Generic,dtcpb,Content,0.024313441263511777,0.0241533528547734,0.0239417744873208,0.002626283844932914
unsw,0,Generic,smean,Content,1.3664708015695215,1.3567903516814113,1.4108981453813612,0.34351830435544256
unsw,0,Generic,dmean,Content,0.09827465754002333,0.09786619868129492,0.09201210159808397,0.03629291021265091
unsw,0,Generic,trans_depth,Content,0.012155916185583919,0.011239878532942385,0.006492665762198158,0.007920639155679964
unsw,0,Generic,response_body_len,Content,0.030668301223777235,0.030668301223777235,0.03389069287106395,0.016623534787679094
unsw,0,Generic,sjit,Time,0.15509855387732385,0.15238390745595098,0.1699382213782519,0.007759968665588532
unsw,0,Generic,djit,Time,0.023308643316850067,0.02315948619507253,0.01256436221767217,0.006558631178289944
unsw,0,Generic,sinpkt,Time,0.23127656124532223,0.22529467336833478,0.23111238215118646,0.029183675710643012
unsw,0,Generic,dinpkt,Time,0.20894317027181386,0.20233368281275033,0.19814768606796862,0.0019015763232346217
unsw,0,Generic,tcprtt,Time,0.08082182940095663,0.07806528266519308,0.07823593873530627,0.02373108165428858
unsw,0,Generic,synack,Time,0.04790785442572087,0.04731394975911826,0.025328308765310795,0.0628169232882792
unsw,0,Generic,ackdat,Time,0.09890657844487577,0.09679706948343664,0.08965032402426004,0.0213475893989671
unsw,0,Generic,is_sm_ips_ports,Additional,0.010580906478862744,0.004202392685983796,0.010872958520776592,9.542005859839254e-05
unsw,0,Generic,ct_state_ttl,Additional,0.44949183743447063,0.25548063311725855,0.4680794248729944,0.010821826215456895
unsw,0,Generic,ct_flw_http_mthd,Additional,0.041281588112469764,0.04110658794408664,0.03941930617031176,0.005562617666480946
unsw,0,Generic,is_ftp_login,Additional,0.0004982625744014513,0.0003413041750172852,0.0005245827835824457,5.041387891469639e-05
unsw,0,Generic,ct_ftp_cmd,Additional,0.0022024159658758434,-0.0016523622731619981,0.0023559657274745405,4.728495235667649e-06
unsw,0,Generic,ct_srv_src,Additional,0.1648693759460002,0.14616664654575287,0.15876398578286172,0.1570961427114162
unsw,0,Generic,ct_srv_dst,Additional,0.2977052754163742,0.20974200695753098,0.28979555148631336,0.2862392197542068
unsw,0,Generic,ct_dst_ltm,Additional,0.0866884669731371,0.06436521992785856,0.08456182470778004,0.05793475725964527
unsw,0,Generic,ct_src_ltm,Additional,0.05851131549105048,0.003364686015993357,0.057868260096292944,0.02677019558945905
unsw,0,Generic,ct_src_dport_ltm,Additional,0.1992698341794312,0.18283922741189598,0.1913838566839695,0.16690489169885406
unsw,0,Generic,ct_dst_sport_ltm,Additional,0.39165449861437085,0.24749179791659118,0.39010105627588926,0.4528172072736195
unsw,0,Generic,ct_dst_src_ltm,Additional,0.16422918458934874,0.14294090352486818,0.1629574892669916,0.09499136372003704
unsw,0,Normal,proto,Basic,0.14965031660627573,0.09209004770498723,0.15104750652564689,0.8578903642384684
unsw,0,Normal,service,Basic,0.22056437726947478,0.20236890214611777,0.1971685350581538,0.24507743070117427
unsw,0,Normal,state,Basic,0.26126237084623427,0.2535448038531467,0.25662620209623127,0.043185630403300805
unsw,0,Normal,dur,Basic,0.0247768464544788,-0.004342975511681288,0.02702561638550833,0.030093279795677517
unsw,0,Normal,spkts,Basic,0.09773403458762914,0.08246531945187599,0.10217391776735894,0.045623549985124544
unsw,0,Normal,dpkts,Basic,0.03483032904565334,0.013762350967153907,0.03845948584144935,0.030151595605759206
unsw,0,Normal,sbytes,Basic,0.25868665708461774,0.2320609524496831,0.2283940413594246,0.30006921676860654
unsw,0,Normal,dbytes,Basic,0.12841635527205653,0.11822233796003274,0.12400551370461471,0.08784638160385656
unsw,0,Normal,rate,Basic,0.0341752067883499,-0.003400674071162939,0.03551230891374871,0.03664014385361226
unsw,0,Normal,sttl,Basic,0.28164280188269913,0.26704844935797156,0.2826994732953608,2.025685247692005
unsw,0,Normal,dttl,Basic,0.4198505549575202,0.41527784110279753,0.4208993530832231,0.09615283100983651
unsw,0,Normal,sload,Basic,0.04491099558304995,0.02608523183502257,0.04736643747077324,0.055125948042958096
unsw,0,Normal,dload,Basic,0.04686205202015117,0.03248779886169359,0.04939979328890331,0.10663315428662462
unsw,0,Normal,sloss,Basic,0.0709118790877983,0.04948213064577431,0.06994417551846709,0.09873788219487688
unsw,0,Normal,dloss,Basic,0.08844113399274647,0.0733347346726805,0.08179106706171296,0.025722299449160328
unsw,0,Normal,swin,Content,0.38465806759893895,0.3541344418376684,0.38694041678216307,0.007220007357069338
unsw,0,Normal,dwin,Content,0.2913949370384216,0.28672028716653586,0.3144949570274912,0.0018668006912339475
unsw,0,Normal,stcpb,Content,0.06500228472519666,0.052211265251971783,0.0735186415433418,0.008069413870856806
unsw,0,Normal,dtcpb,Content,0.037092019240371886,0.007425959540996701,0.04212690969114192,0.011868089669183977
unsw,0,Normal,smean,Content,0.612677274234593,0.4498882061615586,0.7179808579944074,0.25070535398600624
unsw,0,Normal,dmean,Content,0.49108721791766585,0.4080217721592635,0.5562087636254728,0.11167753495014042
unsw,0,Normal,trans_depth,Content,0.10248821684159339,0.06803373136557639,0.11932604189612903,0.03377114319544308
unsw,0,Normal,response_body_len,Content,0.04532841073931195,0.0329924964287784,0.04173478814656846,0.05430206183273549
unsw,0,Normal,sjit,Time,0.13468632406555117,0.054309358661994336,0.14228653642348946,0.014925943163791089
unsw,0,Normal,djit,Time,0.1561780281504616,0.11454662957694381,0.17018444949295372,0.014025325733535286
unsw,0,Normal,sinpkt,Time,0.28197906016372143,0.19491373845376075,0.2901590562192723,0.023208010612732317
unsw,0,Normal,dinpkt,Time,0.4606355220545083,0.41214830075390635,0.45701692048460246,0.02215854118372226
unsw,0,Normal,tcprtt,Time,0.30433038106188176,0.2772975575737655,0.3108971621468663,0.038076176483387826
unsw,0,Normal,synack,Time,0.3097133338823915,0.26228217836469414,0.28645527999149634,0.09585031016780068
unsw,0,Normal,ackdat,Time,0.2854544145893306,0.23825361078605056,0.29435689395759257,0.029136948505758476
unsw,0,Normal,is_sm_ips_ports,Additional,0.03818088894026005,0.033400106515473454,0.0348377517912013,0.00010241284959556649
unsw,0,Normal,ct_state_ttl,Additional,1.1402630085498096,1.1336742316931485,1.1813480730354786,0.3254608463499921
unsw,0,Normal,ct_flw_http_mthd,Additional,0.06994093008572236,0.04180557317333296,0.08158003368647769,0.015801058413133437
unsw,0,Normal,is_ftp_login,Additional,0.0029367143436684275,0.00150238958754926,0.0029764445904947932,0.00020975685791790972
unsw,0,Normal,ct_ftp_cmd,Additional,0.018660790163557976,0.007133401033934205,0.020998427349841222,3.105229699076515e-05
unsw,0,Normal,ct_srv_src,Additional,0.11421899663750082,0.0762869929941371,0.12428046864690259,0.12756269297905967
unsw,0,Normal,ct_srv_dst,Additional,0.15112938639242202,0.1129168655583635,0.1675453934073448,0.33112798632501644
unsw,0,Normal,ct_dst_ltm,Additional,0.10987554498948157,0.037378504751250145,0.12128177856327965,0.031634371779276985
unsw,0,Normal,ct_src_ltm,Additional,0.06616189280874096,0.012257594446418807,0.07613776552956551,0.009073070572267172
unsw,0,Normal,ct_src_dport_ltm,Additional,0.10382943795528263,-0.039396442235447464,0.11788223907817155,0.07284558759814536
unsw,0,Normal,ct_dst_sport_ltm,Additional,0.33483954913914205,0.3300039014965296,0.3586361199244857,0.03378280396469928
unsw,0,Normal,ct_dst_src_ltm,Additional,0.15379832652397454,0.12343163311947138,0.16811118126148358,0.30715965609302665
unsw,0,Reconnaissance,proto,Basic,0.1468163937702775,0.14362859450280666,0.1863386680278927,0.4329733326557326
unsw,0,Reconnaissance,service,Basic,0.4288774528726935,-0.29744374301284554,0.4624164594709873,0.17815930664516053
unsw,0,Reconnaissance,state,Basic,0.1996150757977739,0.12704537984449416,0.20968672622926532,0.008760377285318097
unsw,0,Reconnaissance,dur,Basic,0.037921375023433936,-0.009396048468770459,0.04287750937743112,0.02743037387357616
unsw,0,Reconnaissance,spkts,Basic,0.1160391644295305,0.11210417178925126,0.1215579147124663,0.0056516895737586306
unsw,0,Reconnaissance,dpkts,Basic,0.023199758033733815,-0.011510209881234914,0.02464604960172437,0.021614908862959057
unsw,0,Reconnaissance,sbytes,Basic,2.3273444122076032,2.3010543432831763,2.383481861613691,1.7579825052123927
unsw,0,Reconnaissance,dbytes,Basic,0.199281388791278,0.1952968331705779,0.22342753859469666,0.14002979567545115
unsw,0,Reconnaissance,rate,Basic,0.06812948621460237,-0.009347010400379076,0.07755371314939112,0.024161459796043342
unsw,0,Reconnaissance,sttl,Basic,0.17231113722315058,0.16298346870345995,0.21522956680273636,0.07948227701509315
unsw,0,Reconnaissance,dttl,Basic,0.37839530043303965,0.36871860884130003,0.4356449457257986,0.021757500454266845
unsw,0,Reconnaissance,sload,Basic,0.08178973315341864,0.056350608235807155,0.08765065902261995,0.05778821043873176
unsw,0,Reconnaissance,dload,Basic,0.06125064843567088,0.038281548738013954,0.06519547008443624,0.017631446888059142
unsw,0,Reconnaissance,sloss,Basic,0.06241275549575221,0.05743996918841731,0.06738982330076397,0.06105666104287957
unsw,0,Reconnaissance,dloss,Basic,0.0800476129585877,0.07024741929490119,0.09257431314792484,0.03397383406239532
unsw,0,Reconnaissance,swin,Content,0.09962183357449249,0.09082472664536909,0.12339600327890367,0.007718287568906811
unsw,0,Reconnaissance,dwin,Content,0.16320016805897467,0.030028610221343115,0.15132863376289607,0.0013994798656494808
unsw,0,Reconnaissance,stcpb,Content,0.06797889722976834,-0.03694872468244284,0.07250238799373619,0.013075843731399792
unsw,0,Reconnaissance,dtcpb,Content,0.023341611936339178,-0.004980717681464739,0.026548331468366087,0.014811684575339316
unsw,0,Reconnaissance,smean,Content,2.7123082640767096,2.702906031310558,2.7135941134393216,1.270338312800508
unsw,0,Reconnaissance,dmean,Content,0.5288724908337463,0.5208993107627612,0.5573606528062374,0.5131352941403458
unsw,0,Reconnaissance,trans_depth,Content,0.07604588123736904,0.03479038387769833,0.07515387610066682,0.020639571029198122
unsw,0,Reconnaissance,response_body_len,Content,0.06746341211954132,0.06746341211954132,0.08001481230370701,0.04592365368931858
unsw,0,Reconnaissance,sjit,Time,0.44922744755633176,0.4406438996549696,0.4917665434558876,0.15821529482537516
unsw,0,Reconnaissance,djit,Time,0.2038648399617523,0.18844198369421064,0.24549619788187557,0.015815900972633242
unsw,0,Reconnaissance,sinpkt,Time,0.30258281850256025,0.29859010701067745,0.29903767054900526,0.018431620998046124
unsw,0,Reconnaissance,dinpkt,Time,0.24636538633611052,0.23701953956391664,0.2885592897143215,0.014322285880967678
unsw,0,Reconnaissance,tcprtt,Time,0.09128520105034113,0.06143401132896543,0.0891364050656557,0.027363721806585094
unsw,0,Reconnaissance,synack,Time,0.12974235435482115,0.1164961509546265,0.12381796295288951,0.04487564751018362
unsw,0,Reconnaissance,ackdat,Time,0.12924498585052788,0.06455233872868121,0.1333477476448752,0.012202310935877904
unsw,0,Reconnaissance,is_sm_ips_ports,Additional,0.012191801861044951,0.012054057324421592,0.013475814805715344,5.639161095677988e-05
unsw,0,Reconnaissance,ct_state_ttl,Additional,1.0302374394331126,1.02996203196235,0.8712477722391486,0.01071367621890386
unsw,0,Reconnaissance,ct_flw_http_mthd,Additional,0.14767451308551244,0.13451298358500935,0.10637826532591134,0.007209336491127033
unsw,0,Reconnaissance,is_ftp_login,Additional,0.0012707075089565477,0.0011830215170630255,0.0015233076093136332,4.848602249103351e-05
unsw,0,Reconnaissance,ct_ftp_cmd,Additional,0.00812507030495908,0.00812507030495908,0.007805304187349975,5.790309766325665e-06
unsw,0,Reconnaissance,ct_srv_src,Additional,0.12556079774629325,-0.010615196865983308,0.11811169274849817,0.05383633913521766
unsw,0,Reconnaissance,ct_srv_dst,Additional,0.11510616146959364,0.07591832526028157,0.10726085846778005,0.22427039083740977
unsw,0,Reconnaissance,ct_dst_ltm,Additional,0.024757199842715637,-0.002839599930448458,0.030659388522617518,0.0034304702307163103
unsw,0,Reconnaissance,ct_src_ltm,Additional,0.08203196074347943,0.017472504819743336,0.08807624643784948,0.017068515486891558
unsw,0,Reconnaissance,ct_src_dport_ltm,Additional,0.058172659701667725,0.03262363977264613,0.05648721490055322,0.03635845488405903
unsw,0,Reconnaissance,ct_dst_sport_ltm,Additional,0.2365939112007618,0.2293190272152424,0.19887081935070455,0.020672497655497866
unsw,0,Reconnaissance,ct_dst_src_ltm,Additional,0.35962661541998386,0.3276061049848795,0.3177714073844254,0.4950035750447423
unsw,0,Shellcode,proto,Basic,0.36862352341413496,0.3056602129526436,0.35197554403916004,0.8945736853660778
unsw,0,Shellcode,service,Basic,0.7629768803715706,0.7629768803715706,0.8022876310348511,0.6229979403589094
unsw,0,Shellcode,state,Basic,0.35911718994379044,0.04290847152471542,0.356720342040062,0.009043852521514056
unsw,0,Shellcode,dur,Basic,0.09914516849443317,0.017253105510026217,0.10049102458637207,0.03892357554991031
unsw,0,Shellcode,spkts,Basic,0.2633126065507531,0.2572867462411523,0.2630996426567435,0.04841040637848344
unsw,0,Shellcode,dpkts,Basic,0.013578123903134837,-0.008026381287490949,0.013882350538042374,0.004071686202645652
unsw,0,Shellcode,sbytes,Basic,0.5800856078509241,0.42019166783429684,0.5929154669120907,0.7835965815520609
unsw,0,Shellcode,dbytes,Basic,0.0624829251668416,0.03212261494016275,0.060898688761517404,0.15076942587218947
unsw,0,Shellcode,rate,Basic,0.12227902412414551,0.007201443715021014,0.12521756675094367,0.044478063374917845
unsw,0,Shellcode,sttl,Basic,0.23812239756807685,0.23198744190856815,0.19106027331203224,0.07710922615068559
unsw,0,Shellcode,dttl,Basic,0.24837423740886153,0.2419959692750126,0.18667395621770994,0.021317700099985813
unsw,0,Shellcode,sload,Basic,0.15200467019807548,0.022702843095175923,0.15324480248149486,0.045652401152052324
unsw,0,Shellcode,dload,Basic,0.06662220587721095,0.01697877891128883,0.06876948312157766,0.03957428602534127
unsw,0,Shellcode,sloss,Basic,0.144012560993433,0.13251045361161232,0.13993455246090888,0.019782905832209506
unsw,0,Shellcode,dloss,Basic,0.04394566375762224,0.03109886048361659,0.058476987124886366,0.03959395153219543
unsw,0,Shellcode,swin,Content,0.2016135129716713,0.14283229794469662,0.21262025254545733,0.002378939087793696
unsw,0,Shellcode,dwin,Content,0.34420733610168097,0.3394460810162127,0.35917196625843645,0.0016222212659195048
unsw,0,Shellcode,stcpb,Content,0.08428888929076493,0.07285554634407163,0.0851506709412206,0.01951132702982431
unsw,0,Shellcode,dtcpb,Content,0.11247066629352048,0.039330597438383845,0.11494534932076932,0.021375914677224498
unsw,0,Shellcode,smean,Content,1.296023111268878,1.2050708236545324,1.406782965734601,0.5196193465644027
unsw,0,Shellcode,dmean,Content,1.0729619650542737,1.0716514891386033,1.0863766855001449,0.40090443815031196
unsw,0,Shellcode,trans_depth,Content,0.10055390465073287,0.10038856194354594,0.10059799060225487,0.019356910616299502
unsw,0,Shellcode,response_body_len,Content,0.016307143192971125,0.010753005928127096,0.018224522749660535,0.04126423133841308
unsw,0,Shellcode,sjit,Time,0.23302059032022954,0.09879839532077313,0.22967303505167366,0.056105728092337805
unsw,0,Shellcode,djit,Time,0.1299132753163576,0.08749325606040656,0.14165871985256673,0.030384798379411243
unsw,0,Shellcode,sinpkt,Time,0.2052676004357636,0.14576877681538464,0.1765034169657156,0.12001054970872062
unsw,0,Shellcode,dinpkt,Time,0.13995752125279978,0.08807992920977994,0.14379263834562153,0.029523572683570806
unsw,0,Shellcode,tcprtt,Time,0.1445423382567242,0.06581229686271399,0.15908321157097816,0.025796229471750847
unsw,0,Shellcode,synack,Time,0.13515600080601872,0.011182188531383872,0.15041084627620877,0.03651411870273296
unsw,0,Shellcode,ackdat,Time,0.15719990517711266,0.12985059225233272,0.15398923997592648,0.03504887520540796
unsw,0,Shellcode,is_sm_ips_ports,Additional,0.0051783894357504325,0.004048457614262588,0.006082194049085956,9.585251952739779e-05
unsw,0,Shellcode,ct_state_ttl,Additional,0.5309496906818822,0.5264510396076366,0.5356408631894738,0.014159569517043119
unsw,0,Shellcode,ct_flw_http_mthd,Additional,0.11697082100436092,0.11697082100436092,0.10941986988298595,0.007122968697480247
unsw,0,Shellcode,is_ftp_login,Additional,0.0006978864739721757,0.0006294941028681933,0.0007000168558806763,3.4784889686307e-05
unsw,0,Shellcode,ct_ftp_cmd,Additional,0.007086964144837111,0.007043696620967239,0.0069801508460659535,1.7169207035294687e-06
unsw,0,Shellcode,ct_srv_src,Additional,0.14367053041234612,-0.05945814637467265,0.1499858973454684,0.13129635023989247
unsw,0,Shellcode,ct_srv_dst,Additional,0.15497588019119576,-0.09280852732015774,0.16495078065432608,0.19861111938268006
unsw,0,Shellcode,ct_dst_ltm,Additional,0.040100994426757096,-0.029278086200356483,0.038050181603757664,0.04374971424679825
unsw,0,Shellcode,ct_src_ltm,Additional,0.06626038135495037,0.011811340707354248,0.07092335482127965,0.011330038136409717
unsw,0,Shellcode,ct_src_dport_ltm,Additional,0.19397289112210273,0.19397289112210273,0.1942552725970745,0.38781272539649225
unsw,0,Shellcode,ct_dst_sport_ltm,Additional,0.14881532152881846,0.148125294346828,0.1556369385868311,0.0374862823112053
unsw,0,Shellcode,ct_dst_src_ltm,Additional,0.396668955963105,0.36093826619908215,0.4017964575067163,0.6687339151456255
unsw,0,Worms,proto,Basic,0.23925112492658876,0.23925112492658876,0.2542179501192136,0.38009778723803306
unsw,0,Worms,service,Basic,1.3568459630689838,1.181986904618415,1.28862535987388,2.473810811207196
unsw,0,Worms,state,Basic,0.2359913724516942,0.22585562728768724,0.22957458241250028,0.005292119413835197
unsw,0,Worms,dur,Basic,0.14541472179751674,-0.008284078863322396,0.14142745671878484,0.08899118629309338
unsw,0,Worms,spkts,Basic,0.16891303778075697,0.045069481299089435,0.1708207922638394,0.055180521535823396
unsw,0,Worms,dpkts,Basic,0.07229828954123976,0.05431485959244045,0.07329598842559128,0.019440891177675272
unsw,0,Worms,sbytes,Basic,1.4707897396080873,1.4368391806598415,1.3871150833385235,1.6525399929626885
unsw,0,Worms,dbytes,Basic,0.11577432540203021,0.0754244101170281,0.11621509201359004,0.08814300364280246
unsw,0,Worms,rate,Basic,0.20598516084084456,-0.056108151096850634,0.20662999238861215,0.10420033970405546
unsw,0,Worms,sttl,Basic,0.36033529398793523,0.36033529398793523,0.3270866723561829,0.24966418833805204
unsw,0,Worms,dttl,Basic,0.41298330134966155,0.39114389873363753,0.35906394791196694,0.011939860740676524
unsw,0,Worms,sload,Basic,0.15485818588852204,0.0695117167408832,0.1508317860478366,0.32290354934812054
unsw,0,Worms,dload,Basic,0.21525164125275545,0.09842190833296627,0.21210568356962706,0.07473581145842964
unsw,0,Worms,sloss,Basic,0.11960104934405535,0.11859231337439269,0.11402945749630983,0.030562053944000078
unsw,0,Worms,dloss,Basic,0.1381046239879321,0.05331636436114257,0.12768027593318204,0.032518784795287185
unsw,0,Worms,swin,Content,0.14249736957506023,0.07960155358622698,0.12951535037295384,0.0030947226948683233
unsw,0,Worms,dwin,Content,0.10740454872773791,0.007392113022929566,0.10934133564164354,0.0029616260267423702
unsw,0,Worms,stcpb,Content,0.06981752805983309,0.0074058508934368465,0.07105379958044399,0.11110030260538638
unsw,0,Worms,dtcpb,Content,0.08539527015421879,0.009791261093182997,0.09409968488299372,0.13859564295583948
unsw,0,Worms,smean,Content,2.399130696261471,2.3539686389267445,2.561804601414637,0.4883869745287732
unsw,0,Worms,dmean,Content,0.4399362283504822,0.2135886759073897,0.5280642765785821,0.14952564755182143
unsw,0,Worms,trans_depth,Content,0.162453403693772,-0.036319203608648175,0.1992201934018257,0.11421998485847408
unsw,0,Worms,response_body_len,Content,0.35006632341537625,0.35006632341537625,0.3658088235904209,0.03856567015099327
unsw,0,Worms,sjit,Time,0.27780035278886894,-0.08329678535334427,0.28718242393171584,0.07345565576291518
unsw,0,Worms,djit,Time,0.22240221458063883,0.11393649088726802,0.22475023483010856,0.06372651821996196
unsw,0,Worms,sinpkt,Time,0.3623471036553383,0.14735620384189216,0.367960974320092,0.05637785672519053
unsw,0,Worms,dinpkt,Time,0.1851550373248756,-0.017707873855463484,0.18549878099425274,0.10528853408142656
unsw,0,Worms,tcprtt,Time,0.4126940304413438,0.12771387152712455,0.41422528375617484,0.11468603393462792
unsw,0,Worms,synack,Time,0.2820791020481424,-0.02586390958590941,0.29874365182000806,0.10515731038044165
unsw,0,Worms,ackdat,Time,0.27510223275219853,0.08450742006640542,0.28092922135891224,0.1132391670379465
unsw,0,Worms,is_sm_ips_ports,Additional,0.007631281609064899,0.007631281609064899,0.006737655497007919,4.9911010922766215e-05
unsw,0,Worms,ct_state_ttl,Additional,0.3029920524409549,0.30054574413225055,0.3386221288449385,0.00781484955626762
unsw,0,Worms,ct_flw_http_mthd,Additional,0.7234009312973781,0.6200211076912555,0.6952587191692807,0.00736968914918014
unsw,0,Worms,is_ftp_login,Additional,0.00040786046867486385,0.0002187876006329051,0.0005225545025744148,9.164653744991566e-05
unsw,0,Worms,ct_ftp_cmd,Additional,0.0013943041492232376,-0.00019816349099115044,0.0019053767953830009,2.3513772956365834e-05
unsw,0,Worms,ct_srv_src,Additional,0.08110433876175772,0.03484135298905047,0.08779843831011518,0.08073125413975506
unsw,0,Worms,ct_srv_dst,Additional,0.08489129746819592,0.08156586669660597,0.08663481697757644,0.08793492269747233
unsw,0,Worms,ct_dst_ltm,Additional,0.07344214122911746,-0.0675302585163577,0.07281847027215091,0.03300881349345714
unsw,0,Worms,ct_src_ltm,Additional,0.036806170786307615,0.01156523192978718,0.03752974182663655,0.041460685564408614
unsw,0,Worms,ct_src_dport_ltm,Additional,0.04223482138265602,-0.020385263286615638,0.04009629361627793,0.020999126137129755
unsw,0,Worms,ct_dst_sport_ltm,Additional,0.08044299970126965,0.04088231036439538,0.08061325473880226,0.010526241415639313
unsw,0,Worms,ct_dst_src_ltm,Additional,0.1240815157070756,0.09710522868077863,0.12283699019727382,0.10148974458537521
unsw,1,Analysis,proto,Basic,0.27668843142688276,0.2753758715093136,0.2698145349510014,0.9020635816708675
unsw,1,Analysis,service,Basic,0.11150888785719872,0.0951088559627533,0.09431597732007503,0.14713390062493273
unsw,1,Analysis,state,Basic,0.21475802410393954,0.19658378284424544,0.21433265364728868,0.0038049157713085156
unsw,1,Analysis,dur,Basic,0.011922252038493753,0.008693269472569227,0.01322135209105909,0.03355541804631502
unsw,1,Analysis,spkts,Basic,0.006476026240270585,-0.0028300722665153444,0.0077381011453690005,0.002760193906065978
unsw,1,Analysis,dpkts,Basic,0.005397171620279551,-5.334599409252405e-05,0.006302821158315055,0.001116950557730888
unsw,1,Analysis,sbytes,Basic,0.21196458253543823,0.20718344274442643,0.20392809072509407,0.325517201956509
unsw,1,Analysis,dbytes,Basic,0.08592530503869057,0.08363174751400948,0.08654211450368166,0.04451330801805306
unsw,1,Analysis,rate,Basic,0.01657736189197749,0.004666058360598981,0.016518697235733272,0.015477653374324298
unsw,1,Analysis,sttl,Basic,0.07301564823836088,0.0560073509439826,0.07491493459790945,0.08392456766346003
unsw,1,Analysis,dttl,Basic,0.03616262226132676,0.034849115561228244,0.036302157044410706,0.00793490875170391
unsw,1,Analysis,sload,Basic,0.01653220233565662,0.0007163020875304937,0.01633859607449267,0.034308635597910316
unsw,1,Analysis,dload,Basic,0.01898508992511779,-0.007617057827301324,0.020056424452923237,0.01104072896247999
unsw,1,Analysis,sloss,Basic,0.03892372881295159,0.035876195894088594,0.038174240747466684,0.0049631704471758
unsw,1,Analysis,dloss,Basic,0.035014851661399005,0.03259311725385487,0.033183562902268024,0.006462970618740652
unsw,1,Analysis,swin,Content,0.192533001601696,0.15380924791097642,0.18937767565250396,0.0013905132341214997
unsw,1,Analysis,dwin,Content,0.09117899221018888,0.08506669872091152,0.0948210938461125,0.0
unsw,1,Analysis,stcpb,Content,0.039974012542515994,0.03582071529701352,0.04079308638582006,0.010865495030338934
unsw,1,Analysis,dtcpb,Content,0.020369471600279212,0.019917116509750487,0.023541502193547784,0.005245191250985954
unsw,1,Analysis,smean,Content,0.6317891440540552,0.6276039893180132,0.665664369687438,0.17396200987603516
unsw,1,Analysis,dmean,Content,0.23162629468366502,0.23162629468366502,0.2466477892547846,0.03713342594091955
unsw,1,Analysis,trans_depth,Content,0.0075766063790069895,-0.002448445561458357,0.008120880508795381,0.00848466581205139
unsw,1,Analysis,response_body_len,Content,0.018863133769482374,-0.018863133769482374,0.01953474560752511,0.08318646246180149
unsw,1,Analysis,sjit,Time,0.05644555161241442,-0.03254626782145351,0.048870782759040596,0.012357548501553541
unsw,1,Analysis,djit,Time,0.0403153180051595,0.035569541519507766,0.04615348890423775,0.0032475063763849903
unsw,1,Analysis,sinpkt,Time,0.07108857233193704,0.06229191207909025,0.08101624817587436,0.026135463602448002
unsw,1,Analysis,dinpkt,Time,0.044522723611444236,0.04310237487778067,0.0501683780644089,0.01680199997823024
unsw,1,Analysis,tcprtt,Time,0.023170782439410686,0.012356414459645748,0.030903873285278678,0.008691915558865728
unsw,1,Analysis,synack,Time,0.09635819088667631,0.08933317419141532,0.10602719862014055,0.06846348186384424
unsw,1,Analysis,ackdat,Time,0.01946607973659411,0.011185061356518417,0.025803725593723358,0.019754340364270324
unsw,1,Analysis,is_sm_ips_ports,Additional,0.008430314840807114,0.00842424948437838,0.0081776406877907,0.00014833961462863948
unsw,1,Analysis,ct_state_ttl,Additional,0.3352093455940485,0.2726852122694254,0.3126322508603334,0.01493157478973444
unsw,1,Analysis,ct_flw_http_mthd,Additional,0.03839180644368753,-0.03839180644368753,0.030547097712988035,0.00907180097451601
unsw,1,Analysis,is_ftp_login,Additional,0.0008345927802292863,-0.00019459196329989936,0.001010475001494342,9.772999071628872e-06
unsw,1,Analysis,ct_ftp_cmd,Additional,0.0018367841393046548,-0.0017364604469912593,0.0023544580207089895,4.299956687191298e-06
unsw,1,Analysis,ct_srv_src,Additional,0.07123508664080873,-0.025069213958922774,0.06828728405293077,0.0917109894554014
unsw,1,Analysis,ct_srv_dst,Additional,0.11677532837027683,0.05539020435651764,0.11031939495936967,0.13461673753149805
unsw,1,Analysis,ct_dst_ltm,Additional,0.08323291465407237,0.038798091493081305,0.0765839971229434,0.02925171613954852
unsw,1,Analysis,ct_src_ltm,Additional,0.08425546773709357,0.048627421418204905,0.076597867324017,0.1197304294760106
unsw,1,Analysis,ct_src_dport_ltm,Additional,0.08233698116615415,0.009605758422985673,0.07890543654793873,0.14281762269513273
unsw,1,Analysis,ct_dst_sport_ltm,Additional,0.20397973040118814,0.18502778332680464,0.19562835652381183,0.03664889367191064
unsw,1,Analysis,ct_dst_src_ltm,Additional,0.1683370602875948,0.13094257570803167,0.1680995236337185,0.15086161523609193
unsw,1,Backdoor,proto,Basic,0.33565891802310943,0.32932525426149367,0.3679184654913843,0.8977379459700314
unsw,1,Backdoor,service,Basic,0.07171738504432142,0.05824563886038959,0.08070374515838921,0.2017285773211916
unsw,1,Backdoor,state,Basic,0.237927053947933,0.22662642725277693,0.25827003017067907,0.004247330411568329
unsw,1,Backdoor,dur,Basic,0.029269849399570377,0.025462951173540204,0.030202333643101157,0.04358419444866011
unsw,1,Backdoor,spkts,Basic,0.04085901534883305,0.026639329057652504,0.040871888184919956,0.022198725904965615
unsw,1,Backdoor,dpkts,Basic,0.019271871000528337,0.01887073425576091,0.019860396841540933,0.0027893222912935014
unsw,1,Backdoor,sbytes,Basic,0.10650152440182864,0.09398332252167166,0.1157040711864829,0.3339666720912793
unsw,1,Backdoor,dbytes,Basic,0.05882176596671343,0.05882176596671343,0.06159561920911074,0.023748960831537266
unsw,1,Backdoor,rate,Basic,0.021153844059444964,0.007477363483048976,0.02043089340091683,0.011488834014482564
unsw,1,Backdoor,sttl,Basic,0.11184563914313912,0.08279993334785103,0.12959984824061394,0.08983762967825172
unsw,1,Backdoor,dttl,Basic,0.03325827261433005,0.0307499042712152,0.03480948027223349,0.020899134168430464
unsw,1,Backdoor,sload,Basic,0.033989977715536954,0.014724985705688596,0.037300321330549197,0.09388833399719446
unsw,1,Backdoor,dload,Basic,0.020647538183256983,0.010048021329566836,0.019661360571626575,0.017284206896062644
unsw,1,Backdoor,sloss,Basic,0.0477341360412538,0.046125764604657886,0.05165270868688822,0.027775495643552844
unsw,1,Backdoor,dloss,Basic,0.05228793930262327,0.029276826372370123,0.053263834490207954,0.017047766375879302
unsw,1,Backdoor,swin,Content,0.257144435942173,0.2382216840982437,0.25659890739247204,0.0009352187862386923
unsw,1,Backdoor,dwin,Content,0.16692161098122596,0.15729689329862595,0.1613756362348795,0.0
unsw,1,Backdoor,stcpb,Content,0.016429963058326395,0.015344594928901643,0.019804044240154327,0.014842230393274805
unsw,1,Backdoor,dtcpb,Content,0.02957553096115589,0.02282334417104721,0.02959743424784392,0.025025804386852556
unsw,1,Backdoor,smean,Content,0.6395505237206817,0.6242106950655579,0.6176109047792852,0.2868242894369177
unsw,1,Backdoor,dmean,Content,0.10409053226932884,0.0909548288024962,0.10315786022227258,0.08607421957828043
unsw,1,Backdoor,trans_depth,Content,0.050709031778387724,-0.034375663953833284,0.05182338060811162,0.014318817932002275
unsw,1,Backdoor,response_body_len,Content,0.013043013866990805,0.012845263462513684,0.015352952964603902,0.025404448136864183
unsw,1,Backdoor,sjit,Time,0.04574024319648742,-0.0033065976202487947,0.03601786648854613,0.011374204321124124
unsw,1,Backdoor,djit,Time,0.1271027310518548,0.1072212680010125,0.12761572623625397,0.01006923328390985
unsw,1,Backdoor,sinpkt,Time,0.09281467961147427,-0.05154429042711854,0.08105231723748148,0.047732066033808224
unsw,1,Backdoor,dinpkt,Time,0.09884608190506697,0.09161205243319273,0.09710087227635085,0.010065040486999353
unsw,1,Backdoor,tcprtt,Time,0.0386541500443127,0.038627257781336084,0.041960749886929986,0.012000227253593034
unsw,1,Backdoor,synack,Time,0.07202494136989117,0.06797410771250725,0.06887297604233027,0.07946650364092785
unsw,1,Backdoor,ackdat,Time,0.014360140166245402,0.010952700234483928,0.017442133161239326,0.012946448476846855
unsw,1,Backdoor,is_sm_ips_ports,Additional,0.015703624268062412,0.015703624268062412,0.01389541256474331,0.00017235037501814085
unsw,1,Backdoor,ct_state_ttl,Additional,0.4532206141203642,0.4520416433364153,0.4219375927373767,0.0068196167701817115
unsw,1,Backdoor,ct_flw_http_mthd,Additional,0.023599470056942663,0.016857916388544253,0.021242628738982604,0.0010064413067157143
unsw,1,Backdoor,is_ftp_login,Additional,0.0019672995126529713,-0.0019442056370826322,0.0019830509453822743,4.0058300738337494e-05
unsw,1,Backdoor,ct_ftp_cmd,Additional,0.0013338866923004388,-0.0006650983521831222,0.001472970976610668,1.1841916122648395e-05
unsw,1,Backdoor,ct_srv_src,Additional,0.07902766664978117,-0.023129235268570483,0.07448348896577954,0.05558406589539665
unsw,1,Backdoor,ct_srv_dst,Additional,0.1137504077842459,0.032187712169252335,0.104361506360583,0.06673915479425345
unsw,1,Backdoor,ct_dst_ltm,Additional,0.1119698048522696,0.05152626450639218,0.10842504940927028,0.03303842549578986
unsw,1,Backdoor,ct_src_ltm,Additional,0.15318884789245202,0.11085943231126294,0.1503147373883985,0.2152537743113062
unsw,1,Backdoor,ct_src_dport_ltm,Additional,0.07935558190918528,0.014320490561658517,0.07410335804568603,0.13943902111910575
unsw,1,Backdoor,ct_dst_sport_ltm,Additional,0.27651887555606663,0.26645893626846373,0.24436849559657275,0.02685909220696338
unsw,1,Backdoor,ct_dst_src_ltm,Additional,0.1225372143345885,0.1169240131904371,0.11726617611013353,0.1182174817578052
unsw,1,DoS,proto,Basic,0.16195037269964815,0.11076018948107957,0.16893382735084742,0.5921955468202942
unsw,1,DoS,service,Basic,0.08690511596156285,0.036543554242234676,0.10184045181144029,0.18984345450386172
unsw,1,DoS,state,Basic,0.1874203025083989,0.13174651929177345,0.18235618320992217,0.005646192283465098
unsw,1,DoS,dur,Basic,0.02355670419812668,0.012053559775813483,0.024347190415137446,0.02892545224912465
unsw,1,DoS,spkts,Basic,0.057189731551334264,0.013191493498161434,0.0582727486290969,0.04033457859400369
unsw,1,DoS,dpkts,Basic,0.04050242255325429,0.01842588126542978,0.04309640990803018,0.009122239911223004
unsw,1,DoS,sbytes,Basic,0.11398025594186038,0.0967961113108322,0.11820500378496945,0.3156474593645545
unsw,1,DoS,dbytes,Basic,0.08138865421991795,0.05408450666349381,0.08343436279334128,0.12135924983210858
unsw,1,DoS,rate,Basic,0.021719048083759844,0.0011916455603204667,0.02239083037362434,0.014427402794273802
unsw,1,DoS,sttl,Basic,0.23204219338018447,0.22755984083283692,0.2344404332432896,0.1977406833135756
unsw,1,DoS,dttl,Basic,0.04552828176820185,0.04267403117089998,0.047048412944132,0.017535491919057674
unsw,1,DoS,sload,Basic,0.019131103545369114,-0.0007453567816992291,0.020390712296939454,0.03387832959225488
unsw,1,DoS,dload,Basic,0.04067686954280361,0.019441470440942795,0.04167061026208103,0.033435323789948596
unsw,1,DoS,sloss,Basic,0.051094282949343324,0.021883040973916648,0.0529103477159515,0.05665671311979166
unsw,1,DoS,dloss,Basic,0.06671408481895924,0.0487415718100965,0.06750380909768865,0.025405242323395215
unsw,1,DoS,swin,Content,0.1923381354706362,0.142408083002083,0.18818711463944054,0.0008099434044670485
unsw,1,DoS,dwin,Content,0.07748395094182342,0.06886036932002754,0.08054206779808737,0.0
unsw,1,DoS,stcpb,Content,0.019917339268140495,0.012177868685685099,0.02098988624813501,0.01589941622821061
unsw,1,DoS,dtcpb,Content,0.027631305826362224,-0.0009243768663145602,0.026455850023776293,0.015319417088267078
unsw,1,DoS,smean,Content,0.5498866148618982,0.5184897706331685,0.5696524607250467,0.2145848209544201
unsw,1,DoS,dmean,Content,0.15463639089372008,0.14153902983758598,0.15456031899899245,0.07766189157392363
unsw,1,DoS,trans_depth,Content,0.08391190921887755,0.048911233386024836,0.08180198686663061,0.015033166484183307
unsw,1,DoS,response_body_len,Content,0.04923019085312262,0.04009445738280192,0.0508198154810816,0.03997233232120152
unsw,1,DoS,sjit,Time,0.07906682837754488,-0.01595657620579004,0.07536164746619761,0.01646305041856249
unsw,1,DoS,djit,Time,0.09751403809990734,0.047818838129751386,0.09541084189899265,0.02339659378728902
unsw,1,DoS,sinpkt,Time,0.06326840602792799,0.012678567105904221,0.053907160270027815,0.015650241993378583
unsw,1,DoS,dinpkt,Time,0.0810397356399335,0.056331667059566826,0.08199414158239961,0.006514539516439527
unsw,1,DoS,tcprtt,Time,0.06804655600804836,0.06331319571007044,0.07147512510884553,0.01919305568271375
unsw,1,DoS,synack,Time,0.0769544374383986,0.054287262819707395,0.07970745321828872,0.08260926346924681
unsw,1,DoS,ackdat,Time,0.035733642419509125,0.030082735944015438,0.04280887441767845,0.014676306656256204
unsw,1,DoS,is_sm_ips_ports,Additional,0.008386629045708105,0.008386629045708105,0.007527013652143069,0.00017258359734114502
unsw,1,DoS,ct_state_ttl,Additional,0.22446705280803145,0.20314351246692242,0.22140967786312105,0.01061854433131703
unsw,1,DoS,ct_flw_http_mthd,Additional,0.042841637314995754,0.03972633638535626,0.04733468021557201,0.004263088481930025
unsw,1,DoS,is_ftp_login,Additional,0.0006353876655339263,-0.0003152519345167093,0.0008172176083826344,0.0008944805209259806
unsw,1,DoS,ct_ftp_cmd,Additional,0.0010785852919798344,0.00011773585894843564,0.0011011288850568234,1.53602483751456e-05
unsw,1,DoS,ct_srv_src,Additional,0.0772529032966122,0.010335524431429804,0.07510384463937952,0.08063393049477599
unsw,1,DoS,ct_srv_dst,Additional,0.08586952426470816,0.06288568501360714,0.07747844683704898,0.19371693409886206
unsw,1,DoS,ct_dst_ltm,Additional,0.05532661308185197,0.011212227152427659,0.053890905352309344,0.030766198292261834
unsw,1,DoS,ct_src_ltm,Additional,0.09275059833715205,-0.06959599385445472,0.09448889727937057,0.14701666270911665
unsw,1,DoS,ct_src_dport_ltm,Additional,0.04682843375543598,-0.0031407795211998747,0.043250741021474824,0.07718602312981236
unsw,1,DoS,ct_dst_sport_ltm,Additional,0.18047179080545903,0.11028247751295567,0.1654444409161806,0.029173716565608646
unsw,1,DoS,ct_dst_src_ltm,Additional,0.08666116954758764,0.054167991355061534,0.08164305582642556,0.08181212549071645
unsw,1,Exploits,proto,Basic,0.15124736382393167,0.12981810628669335,0.1448226307774894,0.33746031439924257
unsw,1,Exploits,service,Basic,0.14703807164914906,0.13211349212564527,0.1537071430264041,0.380798382982961
unsw,1,Exploits,state,Basic,0.09823500983417034,0.07435543968342245,0.09752763788681477,0.014803002384784126
unsw,1,Exploits,dur,Basic,0.028170429813908413,0.009373330638045446,0.02879690484958701,0.04460098615547758
unsw,1,Exploits,spkts,Basic,0.05918744200607762,-0.024826122873928397,0.06365885943057947,0.031182195805187808
unsw,1,Exploits,dpkts,Basic,0.04143125662696548,0.005731287900125608,0.04284196256427095,0.015930660532936604
unsw,1,Exploits,sbytes,Basic,0.11105422004591674,0.06785327276680618,0.11153343548998236,0.32518477782599076
unsw,1,Exploits,dbytes,Basic,0.09178333825897425,0.044648582129739225,0.0916812053672038,0.3002281515039794
unsw,1,Exploits,rate,Basic,0.021619295849232004,0.0021573788730893284,0.02238923422351945,0.027715346163066
unsw,1,Exploits,sttl,Basic,0.5598919710144401,0.557473038174212,0.5722238896414638,0.34193219849799794
unsw,1,Exploits,dttl,Basic,0.08820800773159135,0.08706939378927928,0.08755322447395883,0.131543720996895
unsw,1,Exploits,sload,Basic,0.025510022414382546,0.006382860208395869,0.02775095179793425,0.04377075966139092
unsw,1,Exploits,dload,Basic,0.028218207565369084,0.0052438105538021775,0.030399861845071426,0.05095175777169061
unsw,1,Exploits,sloss,Basic,0.12060702035203576,-0.002936731409281492,0.11883845753967762,0.09735629109123056
unsw,1,Exploits,dloss,Basic,0.0899924378306605,0.05670549746835604,0.08353099933126941,0.11951917272931313
unsw,1,Exploits,swin,Content,0.13004132778849453,0.10035123776178807,0.13324029817944394,0.0019241336395516555
unsw,1,Exploits,dwin,Content,0.06968813949730247,0.06054030118975788,0.0729754690383561,0.0
unsw,1,Exploits,stcpb,Content,0.055887077649240384,0.02940290432481561,0.05841962813981809,0.016342410549441407
unsw,1,Exploits,dtcpb,Content,0.03775898335268721,0.01365187980933115,0.04038808395969681,0.015910392967847655
unsw,1,Exploits,smean,Content,0.4229652907792479,0.3867723067943007,0.4253794252872467,0.21619601150840762
unsw,1,Exploits,dmean,Content,0.33158864005468786,0.26434996391646565,0.3272004312649369,0.25808083002461346
unsw,1,Exploits,trans_depth,Content,0.20531635615509003,0.14344272278714926,0.20375682853977195,0.01961838184688168
unsw,1,Exploits,response_body_len,Content,0.07520991481840611,0.025936914905905724,0.0793306564539671,0.05571903968279456
unsw,1,Exploits,sjit,Time,0.06920805357862264,0.046136548523791135,0.07422207294031978,0.015991553620042395
unsw,1,Exploits,djit,Time,0.09008165244478733,0.07306711800396443,0.09077610957203433,0.023342319479685104
unsw,1,Exploits,sinpkt,Time,0.09210419282200746,0.0718785719445441,0.0879152259422699,0.014252922292253063
unsw,1,Exploits,dinpkt,Time,0.07953693356132135,0.07406549690524117,0.07678031137213111,0.01803237187299237
unsw,1,Exploits,tcprtt,Time,0.14292960276128724,0.1306044276873581,0.14852533244062216,0.0420297586188244
unsw,1,Exploits,synack,Time,0.08201642363332212,0.06691632435657084,0.08901778621599078,0.07028879341945865
unsw,1,Exploits,ackdat,Time,0.06704681608011015,0.05442560256342403,0.07881489349761978,0.017114604462418356
unsw,1,Exploits,is_sm_ips_ports,Additional,0.0035529356408733294,0.0032316551539770446,0.0033769862446933986,0.0013309825607502714
unsw,1,Exploits,ct_state_ttl,Additional,0.4459327385621145,0.40435984641779216,0.4829404895659536,0.024004579655706033
unsw,1,Exploits,ct_flw_http_mthd,Additional,0.07711162024876103,0.058752393389586356,0.07304057840723545,0.020143486401278086
unsw,1,Exploits,is_ftp_login,Additional,0.010869431316386909,0.003713642538059503,0.010855754077201709,0.007237675855438282
unsw,1,Exploits,ct_ftp_cmd,Additional,0.008298417476471514,0.001542364212218672,0.008550360068911687,0.0019584099764974783
unsw,1,Exploits,ct_srv_src,Additional,0.10245490170200355,0.06805808689328842,0.10155473930179142,0.06323606817459224
unsw,1,Exploits,ct_srv_dst,Additional,0.13562431383295917,0.10937058764859103,0.12697282822569833,0.1266561962817359
unsw,1,Exploits,ct_dst_ltm,Additional,0.039005260176490995,-0.012153758744243532,0.03981875870842486,0.00570134188157681
unsw,1,Exploits,ct_src_ltm,Additional,0.04307053367141634,-0.01542622724082321,0.046578191745793446,0.02653740691620623
unsw,1,Exploits,ct_src_dport_ltm,Additional,0.056911150668747724,-0.02540766869438812,0.05742910250090063,0.0418137189085901
unsw,1,Exploits,ct_dst_sport_ltm,Additional,0.0590753405803116,0.01545565052132588,0.06226923253387213,0.021122462599598296
unsw,1,Exploits,ct_dst_src_ltm,Additional,0.08956464905291796,0.005452873089816421,0.09706555621465668,0.11748536305269953
unsw,1,Fuzzers,proto,Basic,0.5814484802167863,-0.06981189905665815,0.6470428767986596,0.5424471731346564
unsw,1,Fuzzers,service,Basic,0.3424081065505743,0.3424081065505743,0.36213153779506685,0.31412623325790634
unsw,1,Fuzzers,state,Basic,0.45315117478370665,0.21863069966435433,0.4909696958959103,0.004544696145829222
unsw,1,Fuzzers,dur,Basic,0.06114549074554816,0.007759413153398782,0.06357292925240472,0.02861922306833003
unsw,1,Fuzzers,spkts,Basic,0.05188403820386157,0.01103337224572897,0.05371507585863583,0.0544080443533603
unsw,1,Fuzzers,dpkts,Basic,0.06647553682880243,0.004175536741095129,0.07198176105332095,0.0066586925208121095
unsw,1,Fuzzers,sbytes,Basic,0.16545984166441485,0.1450722861592658,0.15863550009205937,0.4556862268467377
unsw,1,Fuzzers,dbytes,Basic,0.20402741172816605,0.1442781466478482,0.2132055141031742,0.2428291467412419
unsw,1,Fuzzers,rate,Basic,0.03698021578311454,0.007340885309386067,0.03879812705330551,0.04222775350173833
unsw,1,Fuzzers,sttl,Basic,0.2605610062927008,0.25661967001855374,0.28794214537832885,0.267417357553044
unsw,1,Fuzzers,dttl,Basic,0.06818708713981322,0.05823339769965969,0.07262522692093626,0.015765375490918804
unsw,1,Fuzzers,sload,Basic,0.04204590531997383,0.002720790654420853,0.04326198809081688,0.0501229777205226
unsw,1,Fuzzers,dload,Basic,0.07641488722525537,-0.02669138521887362,0.08181742584798485,0.03362510597027358
unsw,1,Fuzzers,sloss,Basic,0.05904394697165117,0.03619589653331787,0.06289127304684371,0.1527645758688268
unsw,1,Fuzzers,dloss,Basic,0.11449808092787862,0.022513546515256166,0.12348667015787214,0.038980432148731765
unsw,1,Fuzzers,swin,Content,0.0752596430038102,0.06929955626139417,0.06934498870745301,0.001735222627004987
unsw,1,Fuzzers,dwin,Content,0.173974207052961,0.11040363336913288,0.15809765727259217,0.0
unsw,1,Fuzzers,stcpb,Content,0.06469119223300368,0.0270035178726539,0.06411641377257184,0.0135016061995193
unsw,1,Fuzzers,dtcpb,Content,0.03375033450545743,0.013111890994478017,0.03607247653766535,0.013025468820473176
unsw,1,Fuzzers,smean,Content,0.3732924846187234,0.23373820561915637,0.40053451500833037,0.26491462160891394
unsw,1,Fuzzers,dmean,Content,0.45914557229727504,0.43905810188502076,0.4661425098404288,0.1486220778053975
unsw,1,Fuzzers,trans_depth,Content,0.05380736295715906,0.051413202410330996,0.05960816538427025,0.012569257607163304
unsw,1,Fuzzers,response_body_len,Content,0.013956737720873207,0.00984700646949932,0.014102300623198971,0.034164161648437136
unsw,1,Fuzzers,sjit,Time,0.07390543906018138,0.04849293514154852,0.07269609313923865,0.012412644491752872
unsw,1,Fuzzers,djit,Time,0.07758099331520497,0.06648097219876944,0.07316301065031439,0.038907857916812644
unsw,1,Fuzzers,sinpkt,Time,0.06097712661139667,0.02089602456893772,0.05760881092166528,0.023694126813381438
unsw,1,Fuzzers,dinpkt,Time,0.0680426356033422,0.04737319588894025,0.06633440098026767,0.09796800300011821
unsw,1,Fuzzers,tcprtt,Time,0.07927130964118988,0.05686300848145038,0.07321810062217991,0.022521382176506455
unsw,1,Fuzzers,synack,Time,0.08887625546427444,0.08702510460512712,0.08214365956373512,0.34435991315465075
unsw,1,Fuzzers,ackdat,Time,0.09738970675272868,0.08488326734164729,0.09927536817325745,0.017048428821450218
unsw,1,Fuzzers,is_sm_ips_ports,Additional,0.008086559650255367,0.007917376350960695,0.009982805513427593,0.00016877031316107598
unsw,1,Fuzzers,ct_state_ttl,Additional,0.6332003500266,0.6318335122941062,0.6788209384307266,0.014555584972186352
unsw,1,Fuzzers,ct_flw_http_mthd,Additional,0.06529049218632281,0.06529049218632281,0.06313821234740317,0.004288828377835671
unsw,1,Fuzzers,is_ftp_login,Additional,0.0013287499379657675,0.00045979655114933846,0.0012859615385968936,5.484168261727974e-05
unsw,1,Fuzzers,ct_ftp_cmd,Additional,0.0014615430257981642,-0.001278881163452752,0.0017333873831375968,1.8074630235332736e-05
unsw,1,Fuzzers,ct_srv_src,Additional,0.10957563156727701,0.08197828121948987,0.11395145384827629,0.07033653435547603
unsw,1,Fuzzers,ct_srv_dst,Additional,0.14275451776746195,0.10838948747899849,0.15128920713672414,0.2571057832468941
unsw,1,Fuzzers,ct_dst_ltm,Additional,0.07508912465069444,-0.0037829023925587536,0.08213501733262092,0.014473791595832158
unsw,1,Fuzzers,ct_src_ltm,Additional,0.0460397777101025,-0.013882818431593478,0.04850173285929486,0.011863947994461348
unsw,1,Fuzzers,ct_src_dport_ltm,Additional,0.3512806935608387,0.03086992785334587,0.36180067420005796,0.15254306097118753
unsw,1,Fuzzers,ct_dst_sport_ltm,Additional,0.42286155074834825,0.22810470193624496,0.39221007025800647,0.030047414033382673
unsw,1,Fuzzers,ct_dst_src_ltm,Additional,0.29010827160207553,-0.04732772276969627,0.31531977443024517,0.4520381961350214
unsw,1,Generic,proto,Basic,0.43889216100797057,0.4304823007620871,0.463613947853446,0.8613783876653759
unsw,1,Generic,service,Basic,0.7899876916408539,0.7749491643905639,0.7979415868222713,3.891401276552817
unsw,1,Generic,state,Basic,0.03401458626613021,0.016021264959126712,0.03567024285439402,0.006417979415047739
unsw,1,Generic,dur,Basic,0.013436034999322145,0.013411515832412988,0.011402309903642162,0.04536208694089511
unsw,1,Generic,spkts,Basic,0.007185571221634745,0.005143114228267223,0.009172176792635583,0.024564190207835058
unsw,1,Generic,dpkts,Basic,0.04411353399045766,0.04399216144345701,0.044129502503201364,0.005274298591422848
unsw,1,Generic,sbytes,Basic,0.24990613415837287,0.24990613415837287,0.25120835106819867,1.0622645196085798
unsw,1,Generic,dbytes,Basic,0.034066643379628656,0.03293375302106142,0.03682304184883833,0.021790855301660486
unsw,1,Generic,rate,Basic,0.030150348227471112,-0.001270208042114973,0.028934702270198613,0.018009593269489407
unsw,1,Generic,sttl,Basic,0.4175995989423245,0.4134484900254756,0.44402007972821594,0.10117387420299927
unsw,1,Generic,dttl,Basic,0.04193323090672493,0.0408584526181221,0.039690059032291176,0.018150561670699974
unsw,1,Generic,sload,Basic,0.032384953267755916,0.011835975004942156,0.03181434159982018,0.05031056539347625
unsw,1,Generic,dload,Basic,0.030538560748100282,0.029523188024759294,0.03062264487147331,0.006992367993545484
unsw,1,Generic,sloss,Basic,0.006705099231912755,-0.002784607913927175,0.005937033738009631,0.010713977898238232
unsw,1,Generic,dloss,Basic,0.02776901064440608,0.027026584800332785,0.030062491139397025,0.02136907123061246
unsw,1,Generic,swin,Content,0.1198286652751267,0.11548408655449748,0.10643332842737437,0.0003974582311493577
unsw,1,Generic,dwin,Content,0.13983124474063516,0.1339907061122358,0.13205442555248736,0.0
unsw,1,Generic,stcpb,Content,0.044409788027405736,0.04356738543137908,0.049558615554124115,0.0037480436167243165
unsw,1,Generic,dtcpb,Content,0.07111989703029394,0.0698247828707099,0.06462343481369316,0.00819702617049188
unsw,1,Generic,smean,Content,1.2399476320669054,1.2332094652578234,1.2671199105959385,0.41528044303879147
unsw,1,Generic,dmean,Content,0.2709772193990648,0.26955102575942874,0.29545091807842255,0.033442296169348996
unsw,1,Generic,trans_depth,Content,0.01292576514184475,0.010075183808803559,0.012438739212229847,0.01822082395326287
unsw,1,Generic,response_body_len,Content,0.025444063725881278,0.02521526366006583,0.03081782382680103,0.020151691912105883
unsw,1,Generic,sjit,Time,0.1553162420168519,0.15226424168795347,0.15103916347026825,0.004339241511515866
unsw,1,Generic,djit,Time,0.05807623513042927,0.05694710098206997,0.04886729399673641,0.013839191806779122
unsw,1,Generic,sinpkt,Time,0.28057740777730944,0.26421483129262924,0.2944195690751076,0.03587362038786523
unsw,1,Generic,dinpkt,Time,0.16361445803195238,0.15791255224496126,0.16743711329996586,0.007871945020364366
unsw,1,Generic,tcprtt,Time,0.05461607347242534,0.053073444766923786,0.0523484641010873,0.013645862368095545
unsw,1,Generic,synack,Time,0.033414608091115953,0.030999301075935362,0.03770380548899993,0.07209779630684353
unsw,1,Generic,ackdat,Time,0.060479108449071645,0.05734719438478351,0.04200636542402208,0.016189503719098865
unsw,1,Generic,is_sm_ips_ports,Additional,0.011220581394736655,0.0024429413251345978,0.011637639945256524,0.0002742960683390267
unsw,1,Generic,ct_state_ttl,Additional,0.35467889707535505,-0.014235120750963687,0.3722905016783625,0.008380118658678836
unsw,1,Generic,ct_flw_http_mthd,Additional,0.07605432334821671,0.056675284248776735,0.07826136190444231,0.003347676336823498
unsw,1,Generic,is_ftp_login,Additional,0.0014947220392059536,0.00034372332505881785,0.0016764022384450072,2.1607582541491853e-05
unsw,1,Generic,ct_ftp_cmd,Additional,0.000965809018962318,0.0004646603520086501,0.0013941378073650413,8.263860905117328e-06
unsw,1,Generic,ct_srv_src,Additional,0.12030633279471659,0.04473901794175617,0.11766121708555147,0.18173595680808646
unsw,1,Generic,ct_srv_dst,Additional,0.3363118281774223,0.2590012777596712,0.32698035499081013,0.318345269793761
unsw,1,Generic,ct_dst_ltm,Additional,0.2290014460682869,0.06760813557542861,0.22673824345692992,0.04672399517568558
unsw,1,Generic,ct_src_ltm,Additional,0.05664026112295687,-0.015447534839622676,0.05777195881004445,0.024494891900685607
unsw,1,Generic,ct_src_dport_ltm,Additional,0.10929001453681848,0.07195463839336298,0.10700791591778397,0.17537083766340214
unsw,1,Generic,ct_dst_sport_ltm,Additional,0.6148441942036151,0.5521340618096292,0.6157110732421279,0.5268068255266116
unsw,1,Generic,ct_dst_src_ltm,Additional,0.1451118439040147,0.12447351038688793,0.14273260014597328,0.11014942067180526
unsw,1,Normal,proto,Basic,0.22082505699712784,0.09428162658121436,0.22998107123887165,0.8277826444925741
unsw,1,Normal,service,Basic,0.23667315140599385,0.22080553899751976,0.2434086457081139,0.21544055278087043
unsw,1,Normal,state,Basic,0.35543872430920603,0.2599156947433949,0.38515641301870346,0.09374642643012883
unsw,1,Normal,dur,Basic,0.03814424666576088,0.013104685046710075,0.04252212140709162,0.029432233564868508
unsw,1,Normal,spkts,Basic,0.05245794491027482,0.04572613793076016,0.056586491921334525,0.03595876156320446
unsw,1,Normal,dpkts,Basic,0.03551055104471743,0.010547585235908628,0.04240349023893941,0.01716128097568071
unsw,1,Normal,sbytes,Basic,0.13518705875147133,0.07339801371563226,0.14303941054968164,0.2889573983270385
unsw,1,Normal,dbytes,Basic,0.09437094883411191,0.07252879197360017,0.10125748033402487,0.08844962764740921
unsw,1,Normal,rate,Basic,0.02786216317792423,0.010342441071989015,0.030040969022084026,0.03639842258700082
unsw,1,Normal,sttl,Basic,0.546284845736809,0.4860815882543102,0.5415322236064821,2.137437444786424
unsw,1,Normal,dttl,Basic,0.09424899954814464,0.036649676733650265,0.10406976309604943,0.052431167931819816
unsw,1,Normal,sload,Basic,0.04470305043971166,0.018636476083192976,0.04749716726248152,0.054020940857713855
unsw,1,Normal,dload,Basic,0.03603308239835314,0.01872569170431234,0.03820725164259784,0.0725140762823421
unsw,1,Normal,sloss,Basic,0.08228923104004934,0.06264258998213336,0.08825606360798702,0.10820629469936098
unsw,1,Normal,dloss,Basic,0.08381179974647239,0.06196793240262195,0.08527683264575898,0.03025467737962026
unsw,1,Normal,swin,Content,0.4812258130311966,0.36785348773002624,0.48563414067029953,0.006325784963510158
unsw,1,Normal,dwin,Content,0.14536721722921356,0.13180117876967415,0.1438529112422839,0.0
unsw,1,Normal,stcpb,Content,0.06636169092264027,0.049467918509617445,0.07541476616403088,0.009769168015467587
unsw,1,Normal,dtcpb,Content,0.0613884957972914,0.027316803308203817,0.06647501168423332,0.016216027794980617
unsw,1,Normal,smean,Content,0.5821069260500371,0.4156997681595385,0.626187623818405,0.24854220076481584
unsw,1,Normal,dmean,Content,0.4190327191539109,0.31146791035309435,0.4910032781399786,0.10943810966656024
unsw,1,Normal,trans_depth,Content,0.16189666129648686,0.06289945341646672,0.1705606883391738,0.03673739221082542
unsw,1,Normal,response_body_len,Content,0.07590949471341446,0.040962359744589776,0.07993953800410963,0.04636536639860424
unsw,1,Normal,sjit,Time,0.1450237031141296,-0.0031274053128436206,0.14807833672733978,0.029157484030115456
unsw,1,Normal,djit,Time,0.18711537307826803,0.1410152339632623,0.18914390732999892,0.007627083397776002
unsw,1,Normal,sinpkt,Time,0.22405135695822537,0.16551806340925396,0.23977867250796409,0.031262228267871256
unsw,1,Normal,dinpkt,Time,0.34661749471561054,0.2699312107276637,0.36296573596075177,0.015609628747151867
unsw,1,Normal,tcprtt,Time,0.18036156945861875,0.1380828293133527,0.18665145649109036,0.033424576122801225
unsw,1,Normal,synack,Time,0.3175290482863784,0.2806278435699642,0.31548725194297733,0.0987571729317333
unsw,1,Normal,ackdat,Time,0.2353298213519156,0.1470103121176362,0.2800782977603376,0.02841816753316381
unsw,1,Normal,is_sm_ips_ports,Additional,0.030682920612234738,0.019913172152810146,0.028527619844826404,0.00039050532009423495
unsw,1,Normal,ct_state_ttl,Additional,1.0860543313995004,1.065388084165752,1.079364501386881,0.24552031402260596
unsw,1,Normal,ct_flw_http_mthd,Additional,0.04901187160750851,0.04738345006247982,0.05226343909744173,0.013874977835785103
unsw,1,Normal,is_ftp_login,Additional,0.010095790210034466,0.004286718625662616,0.00969970652819029,0.00020590073054290781
unsw,1,Normal,ct_ftp_cmd,Additional,0.008593053766235243,0.003527650328760501,0.007705362471460831,4.969138286423915e-05
unsw,1,Normal,ct_srv_src,Additional,0.0807401756872423,0.04522859606193379,0.08654315779334866,0.1288393786032684
unsw,1,Normal,ct_srv_dst,Additional,0.17820547276642174,0.11808249338995665,0.1878806620882824,0.3522322891599616
unsw,1,Normal,ct_dst_ltm,Additional,0.0863758103735745,0.010181033900007606,0.09322297863429413,0.026710965334003047
unsw,1,Normal,ct_src_ltm,Additional,0.05089437789982185,0.003168878627475351,0.05406086281873286,0.009998322444976109
unsw,1,Normal,ct_src_dport_ltm,Additional,0.18054207277484238,-0.03766342115588486,0.18891718658385798,0.07350860279072001
unsw,1,Normal,ct_dst_sport_ltm,Additional,0.3253645827993751,0.3211858072504401,0.3283923165127635,0.04623718416323935
unsw,1,Normal,ct_dst_src_ltm,Additional,0.16627923369407654,0.12096819554455579,0.1738452765950933,0.29590882794139917
unsw,1,Reconnaissance,proto,Basic,0.325833817794919,0.12155023671686649,0.40204485865309836,0.3722809569839155
unsw,1,Reconnaissance,service,Basic,0.2599074265745003,0.23365023724152706,0.27856940938159824,0.19122240263034468
unsw,1,Reconnaissance,state,Basic,0.13504336597397923,0.0365593640320003,0.16078564720228314,0.013163738428291256
unsw,1,Reconnaissance,dur,Basic,0.01870278106769547,-0.009707971878815442,0.02178163414937444,0.02600430760177551
unsw,1,Reconnaissance,spkts,Basic,0.05111781696090475,0.049204028614331034,0.05458873770898208,0.006629743689212771
unsw,1,Reconnaissance,dpkts,Basic,0.05767453575506806,0.05669072641059756,0.06416218815837055,0.006509884634950139
unsw,1,Reconnaissance,sbytes,Basic,1.1988410542532801,1.139797863829881,1.3193247845955194,2.1051164159021574
unsw,1,Reconnaissance,dbytes,Basic,0.08422320399899036,0.06894433854613453,0.09390488455072045,0.13846962927149076
unsw,1,Reconnaissance,rate,Basic,0.03512856599409133,-0.0074338404787704345,0.03682513012026902,0.020643925725227743
unsw,1,Reconnaissance,sttl,Basic,0.29661680061835793,0.29135327984113246,0.34004431592766193,0.08938071632289207
unsw,1,Reconnaissance,dttl,Basic,0.053869719607755544,0.05352675066329539,0.05773643161461223,0.022777495873931904
unsw,1,Reconnaissance,sload,Basic,0.037501137807266785,0.011514657911611721,0.042378160164225846,0.06164680170305656
unsw,1,Reconnaissance,dload,Basic,0.04327444787952118,0.022307361083803698,0.049438404872780665,0.025347850359343272
unsw,1,Reconnaissance,sloss,Basic,0.049844177756458524,0.049844177756458524,0.04920518265105784,0.06877251522696315
unsw,1,Reconnaissance,dloss,Basic,0.05088428063318133,0.047177177667617795,0.05330986510496587,0.018679857290408098
unsw,1,Reconnaissance,swin,Content,0.05907639265060425,0.003661080505698919,0.06774369673803449,0.00382539309247386
unsw,1,Reconnaissance,dwin,Content,0.14269306307658552,0.1356930303759873,0.15034327557310462,0.0
unsw,1,Reconnaissance,stcpb,Content,0.05192985029192641,0.015645299337338655,0.060939379055053,0.012478336319463781
unsw,1,Reconnaissance,dtcpb,Content,0.055903941482538355,0.028723696364322676,0.056121482462622226,0.013236513580632159
unsw,1,Reconnaissance,smean,Content,2.0287114031612874,2.0177752666175364,2.16465870693326,1.0711556538812586
unsw,1,Reconnaissance,dmean,Content,0.5067557688243687,0.5011534704454244,0.517172544952482,0.4553075647882651
unsw,1,Reconnaissance,trans_depth,Content,0.07159694282046986,0.026928459284245036,0.08001973979873583,0.00819916623305653
unsw,1,Reconnaissance,response_body_len,Content,0.04995864861877635,0.04988805707311258,0.05545131909195334,0.042479991524833165
unsw,1,Reconnaissance,sjit,Time,0.3268052258295938,0.29843488650862127,0.3242039784789085,0.10426184711183305
unsw,1,Reconnaissance,djit,Time,0.17012165661901235,0.16185423135757446,0.1569990365859121,0.02215816479605565
unsw,1,Reconnaissance,sinpkt,Time,0.07620983784319833,0.05004760146373883,0.07566508258460089,0.00851809230033541
unsw,1,Reconnaissance,dinpkt,Time,0.13817183951148762,0.11484098640969023,0.12336806679610163,0.014516401793385737
unsw,1,Reconnaissance,tcprtt,Time,0.12170090542407706,0.10109689516248181,0.11380195369943977,0.019316638194715775
unsw,1,Reconnaissance,synack,Time,0.06128861795412376,0.04664147418225184,0.054940369116375225,0.04502177482581465
unsw,1,Reconnaissance,ackdat,Time,0.14223987432895227,0.1385811365651898,0.12830335487844421,0.01110931659622293
unsw,1,Reconnaissance,is_sm_ips_ports,Additional,0.011064927042461932,0.011064927042461932,0.011611625850200653,0.0003053326725130319
unsw,1,Reconnaissance,ct_state_ttl,Additional,0.6534088233299553,0.6513412055186927,0.544669580180198,0.00783531368814147
unsw,1,Reconnaissance,ct_flw_http_mthd,Additional,0.0826872653362807,0.06649493952398189,0.07466810612939298,0.013559572665008091
unsw,1,Reconnaissance,is_ftp_login,Additional,0.0039364370150724425,0.0039364370150724425,0.0035110086551867425,4.47432054706951e-05
unsw,1,Reconnaissance,ct_ftp_cmd,Additional,0.0026276735936698967,0.000561328954208875,0.0014279134332900866,8.03920494126942e-06
unsw,1,Reconnaissance,ct_srv_src,Additional,0.04936018490698189,0.025991369811818002,0.057590223751030865,0.11210264002581971
unsw,1,Reconnaissance,ct_srv_dst,Additional,0.13178666349733248,0.12269156334223226,0.11013588739093393,0.27437664331076667
unsw,1,Reconnaissance,ct_dst_ltm,Additional,0.03469727021176368,0.002788751726038754,0.03096619406482205,0.005644674720904729
unsw,1,Reconnaissance,ct_src_ltm,Additional,0.030760659897932783,0.00041867591091431677,0.03012557763373479,0.016981817381485593
unsw,1,Reconnaissance,ct_src_dport_ltm,Additional,0.0819052890688181,0.059515973553061485,0.08422584924846888,0.02870545933915309
unsw,1,Reconnaissance,ct_dst_sport_ltm,Additional,0.1464134929329157,0.1407637706398964,0.10460479473462328,0.021695927059778117
unsw,1,Reconnaissance,ct_dst_src_ltm,Additional,0.33600618528202175,0.30702102622017263,0.2896339963003993,0.42366169383567465
unsw,1,Shellcode,proto,Basic,1.1389288979768752,0.5930243176221848,1.1564001443982124,0.8408669177095872
unsw,1,Shellcode,service,Basic,0.6968681839108467,0.6968681839108467,0.7061576125025749,0.5546401763292089
unsw,1,Shellcode,state,Basic,0.2709564449125901,-0.07401797694619745,0.26486185943707824,0.004548423052326596
unsw,1,Shellcode,dur,Basic,0.08603916192427277,0.011021307408809662,0.08715837810188531,0.04455661293023149
unsw,1,Shellcode,spkts,Basic,0.1211370599269867,0.11628920584917068,0.12050352908670903,0.10006762675778011
unsw,1,Shellcode,dpkts,Basic,0.03797155411913991,0.03237557576969266,0.03804431304335594,0.008008654587789354
unsw,1,Shellcode,sbytes,Basic,0.49066865907981994,0.3978121446818113,0.4935237351525575,0.7993129103729225
unsw,1,Shellcode,dbytes,Basic,0.06357439151033759,-0.008562229964882135,0.06370035594329237,0.08189669596042949
unsw,1,Shellcode,rate,Basic,0.08711777959251776,-0.01191992890322581,0.08630061386153103,0.029644543450282085
unsw,1,Shellcode,sttl,Basic,0.38500916202086954,0.38405363735277204,0.3839544888958335,0.08115078754739083
unsw,1,Shellcode,dttl,Basic,0.03430292313627433,0.008631095156888478,0.033993024844676256,0.018982858320319797
unsw,1,Shellcode,sload,Basic,0.0945082950987853,-0.014986507322173565,0.09578390426700935,0.16317841144937123
unsw,1,Shellcode,dload,Basic,0.062000095373950896,0.034514535474590956,0.06150634294375777,0.041632780447114784
unsw,1,Shellcode,sloss,Basic,0.20444631993770598,0.09609895884990692,0.20338683903217317,0.013461917066597379
unsw,1,Shellcode,dloss,Basic,0.14164100534282625,0.14164100534282625,0.14352826725691556,0.024860498065841966
unsw,1,Shellcode,swin,Content,0.2131670035258867,0.20465043895179405,0.20475738099543378,0.0023533303109770716
unsw,1,Shellcode,dwin,Content,0.13757126823998989,0.12946314244531096,0.1328634556918405,0.0
unsw,1,Shellcode,stcpb,Content,0.12846614527748898,0.01324945179047063,0.13482859725365415,0.025441204305505373
unsw,1,Shellcode,dtcpb,Content,0.10362119707278908,0.008751507569104432,0.10462960601318627,0.010601972325919633
unsw,1,Shellcode,smean,Content,1.0681043776869774,0.9687981925904751,1.102953435704112,0.5206472271162782
unsw,1,Shellcode,dmean,Content,0.9760139189660549,0.9760139189660549,0.98363530497998,0.40815379872595814
unsw,1,Shellcode,trans_depth,Content,0.1512173704057932,0.1512173704057932,0.15933287397027016,0.05517401368380889
unsw,1,Shellcode,response_body_len,Content,0.01782987858168781,0.01160680254921317,0.01705262574600056,0.03887206951827648
unsw,1,Shellcode,sjit,Time,0.1561178606073372,0.08788774576270952,0.1595676650106907,0.09007381256221925
unsw,1,Shellcode,djit,Time,0.13449274653568863,0.03945717601105571,0.14087348289787768,0.016454483229474137
unsw,1,Shellcode,sinpkt,Time,0.1868977924063802,0.0793997573107481,0.1802903178334236,0.020097004425042544
unsw,1,Shellcode,dinpkt,Time,0.10062892922665924,0.02562246990855783,0.10829411837272346,0.017556165113779575
unsw,1,Shellcode,tcprtt,Time,0.09926088721724227,0.07378909106599167,0.1195175750553608,0.026516937935983167
unsw,1,Shellcode,synack,Time,0.08805083254235796,0.06766604839009233,0.09186119596473873,0.04471091698949748
unsw,1,Shellcode,ackdat,Time,0.10801167925354094,0.07073584667872637,0.12964452939108015,0.030931265188417455
unsw,1,Shellcode,is_sm_ips_ports,Additional,0.004759660100098699,0.003829613458365202,0.0055333461496047676,0.0003121696927919401
unsw,1,Shellcode,ct_state_ttl,Additional,0.4815060912817717,0.4815060912817717,0.46772768672555687,0.006963732681849251
unsw,1,Shellcode,ct_flw_http_mthd,Additional,0.18080971583724023,0.18080971583724023,0.17814453400671482,0.030676133054643274
unsw,1,Shellcode,is_ftp_login,Additional,0.002596456452738494,0.002596456452738494,0.0026788190950173883,3.066774263379557e-05
unsw,1,Shellcode,ct_ftp_cmd,Additional,0.004055277113802731,0.004055277113802731,0.004940925478003919,7.852511127566687e-06
unsw,1,Shellcode,ct_srv_src,Additional,0.18205986157990992,-0.0854039955418557,0.18191062172874808,0.09592307893739775
unsw,1,Shellcode,ct_srv_dst,Additional,0.1066570734558627,-0.00015782847069203853,0.11083458684617653,0.1920434921342239
unsw,1,Shellcode,ct_dst_ltm,Additional,0.06685003965394572,-0.048918322343379256,0.07603730504866689,0.0448583701980606
unsw,1,Shellcode,ct_src_ltm,Additional,0.027676061323145405,-0.010531133190961555,0.03037648890516721,0.0246725270095849
unsw,1,Shellcode,ct_src_dport_ltm,Additional,0.20538106590509414,0.20538106590509414,0.1992693577706814,0.2920427946589554
unsw,1,Shellcode,ct_dst_sport_ltm,Additional,0.17091627563349904,0.16240369780920447,0.16613256177864968,0.05772633749457966
unsw,1,Shellcode,ct_dst_src_ltm,Additional,0.5263457748293877,0.4474927493929863,0.5317154192924499,0.7221285416379104
unsw,1,Worms,proto,Basic,0.18803502153605223,-0.11235847281800075,0.16794989319433543,0.36970875413905796
unsw,1,Worms,service,Basic,0.7115458493142135,0.6033175464783033,0.7403645736419342,1.436020904002362
unsw,1,Worms,state,Basic,0.39058200938796456,0.35013155630705034,0.4085506045005538,0.008791971915353646
unsw,1,Worms,dur,Basic,0.13021649538793348,0.06493509783070874,0.13466985400935466,0.08838443265214496
unsw,1,Worms,spkts,Basic,0.08582406791604379,0.028685489881106398,0.08393088587961922,0.017019092560671693
unsw,1,Worms,dpkts,Basic,0.13901083929125557,0.09641903346743096,0.14679265196900815,0.009257219614367136
unsw,1,Worms,sbytes,Basic,1.904417098415169,1.9024083009836348,1.968055440493944,0.955000017078816
unsw,1,Worms,dbytes,Basic,0.1551483776579103,0.13488407288572157,0.16907332831231708,0.1563846759979655
unsw,1,Worms,rate,Basic,0.06499602173624391,-0.003282710634679957,0.06781065779928626,0.1132144527364372
unsw,1,Worms,sttl,Basic,0.7728782123462721,0.7728782123462721,0.7683620114218105,0.2644356289916191
unsw,1,Worms,dttl,Basic,0.1720394650897519,0.1720394650897519,0.18204439283263954,0.015835439415373413
unsw,1,Worms,sload,Basic,0.11657164407767016,0.020706229663284666,0.11708296931729736,0.25550486207000433
unsw,1,Worms,dload,Basic,0.08936921503151428,-0.027380188479913737,0.09426154335960746,0.06845649824165527
unsw,1,Worms,sloss,Basic,0.23385960054160518,0.23308847569437188,0.24320312313185158,0.04512592128129737
unsw,1,Worms,dloss,Basic,0.13181932706555183,0.11302399470216849,0.13173394007819958,0.03187933281730115
unsw,1,Worms,swin,Content,0.22069421122697266,0.15107732655649836,0.19246446531773967,0.003585868969652107
unsw,1,Worms,dwin,Content,0.2306121411013671,0.2280413051432168,0.2281330804425207,0.0
unsw,1,Worms,stcpb,Content,0.1606476300988685,0.10477212350815535,0.16622475187548183,0.16004899460928176
unsw,1,Worms,dtcpb,Content,0.12996581687845968,0.06166398474438624,0.13324305916797707,0.1009532640669435
unsw,1,Worms,smean,Content,2.932994617149234,2.932160884988579,3.0200650387189607,1.32725875388569
unsw,1,Worms,dmean,Content,0.5640459490347315,-0.03996029051698067,0.5890348163137044,0.05622886913424736
unsw,1,Worms,trans_depth,Content,0.30640337586572225,0.2146458043716848,0.3160981966436587,1.0693404914466926
unsw,1,Worms,response_body_len,Content,0.1574073446575891,0.15323936558243903,0.1609713580798019,0.17209287954987385
unsw,1,Worms,sjit,Time,0.20273094747046178,0.0782735773192888,0.20277203738012098,0.05547385318852982
unsw,1,Worms,djit,Time,0.1297078610884703,0.025865936175581406,0.1226034151093865,0.03882874168610381
unsw,1,Worms,sinpkt,Time,0.18836496122689408,0.06189129361882806,0.1879915876356377,0.04541826153141632
unsw,1,Worms,dinpkt,Time,0.1172527024331926,0.004899971218864349,0.12266501200131395,0.030763697717404948
unsw,1,Worms,tcprtt,Time,0.18500217913903974,-0.01743894366716797,0.18697179968214847,0.11071758528040929
unsw,1,Worms,synack,Time,0.13393887708132918,-0.002345057712359862,0.13651432175273923,0.1481525807896766
unsw,1,Worms,ackdat,Time,0.19105095297775485,0.001511008648032492,0.19114292387596585,0.09817652931800364
unsw,1,Worms,is_sm_ips_ports,Additional,0.002210819607584695,-0.001745556146488525,0.003990143743893978,0.00016500691735101016
unsw,1,Worms,ct_state_ttl,Additional,0.2803416885435581,0.2803416885435581,0.2440834931013259,0.005429305468648884
unsw,1,Worms,ct_flw_http_mthd,Additional,0.6572887870398435,0.538729418407787,0.6865678168833256,0.048212489046703784
unsw,1,Worms,is_ftp_login,Additional,0.0020205924718704246,0.0020205924718704246,0.0016576752214777198,5.7983526312455075e-05
unsw,1,Worms,ct_ftp_cmd,Additional,0.0015927006309291094,0.001582212752757848,0.0005850473856050733,1.717950769530448e-05
unsw,1,Worms,ct_srv_src,Additional,0.049004157200794325,0.017017620848491788,0.045883939712604675,0.09094016391000795
unsw,1,Worms,ct_srv_dst,Additional,0.0728979656811465,0.06080346456093883,0.0567776897911575,0.12983132291410582
unsw,1,Worms,ct_dst_ltm,Additional,0.12071500407447192,-0.11632585565728898,0.12229786965657365,0.0344377710608259
unsw,1,Worms,ct_src_ltm,Additional,0.0235942033786242,0.015355442285495386,0.020579971066168087,0.039765119282542
unsw,1,Worms,ct_src_dport_ltm,Additional,0.02732926753312561,-0.013359567032735371,0.030138748306357724,0.016300805612246966
unsw,1,Worms,ct_dst_sport_ltm,Additional,0.02255981883155817,-0.002467257226023569,0.025288457818202336,0.011739652044756936
unsw,1,Worms,ct_dst_src_ltm,Additional,0.06894217333650556,0.06752626320072026,0.04616246981525116,0.07448796989152799
unsw,2,Analysis,proto,Basic,0.29002351112663743,0.29002351112663743,0.3030110736750066,1.0412975861481393
unsw,2,Analysis,service,Basic,0.043007617360563015,-0.02483741505362559,0.04628904422512278,0.17494784496375174
unsw,2,Analysis,state,Basic,0.17275988657958805,0.16284919719211757,0.17392068702029065,0.007525466646506175
unsw,2,Analysis,dur,Basic,0.012588329780264758,0.00881614454148803,0.012327144495211542,0.041295345000631645
unsw,2,Analysis,spkts,Basic,0.04910806010477245,0.04244102184660733,0.04896213843021542,0.007072006443126158
unsw,2,Analysis,dpkts,Basic,0.012636003103107214,0.012636003103107214,0.011353925836738199,0.001391748339399782
unsw,2,Analysis,sbytes,Basic,0.15823642209172248,0.1501998621225357,0.16193395245820283,0.27181849915732165
unsw,2,Analysis,dbytes,Basic,0.08111562655773014,0.050830469862557945,0.08989387923851609,0.044115308240623555
unsw,2,Analysis,rate,Basic,0.01936508869403042,0.008179560509743168,0.020970393994357437,0.013587545202131878
unsw,2,Analysis,sttl,Basic,0.14992314338684082,0.14554811686277389,0.14522090181708336,0.059295966336663716
unsw,2,Analysis,dttl,Basic,0.033936421093530955,0.03162523236591369,0.035530043959151957,0.005376113748236093
unsw,2,Analysis,sload,Basic,0.02366147586493753,-0.007629172982415184,0.024542457626666875,0.03928715112501231
unsw,2,Analysis,dload,Basic,0.019417241369374096,0.016808707718737423,0.02093086375389248,0.012634586764586848
unsw,2,Analysis,sloss,Basic,0.04970446523278951,0.04360929187387228,0.04750325059518218,0.004953614673344417
unsw,2,Analysis,dloss,Basic,0.03545023096725344,0.029903455208986997,0.03761570794507861,0.007205725976848043
unsw,2,Analysis,swin,Content,0.1702508119866252,0.15596361141651868,0.17504025485366584,0.0005882161633926447
unsw,2,Analysis,dwin,Content,0.085210776302265,0.0813972398720216,0.08051456665620207,0.0
unsw,2,Analysis,stcpb,Content,0.010717252158792689,0.0079091482271906,0.008128664123360068,0.01080851993137184
unsw,2,Analysis,dtcpb,Content,0.05983968991786241,0.05085634659975767,0.06210686527192592,0.007403580548823812
unsw,2,Analysis,smean,Content,0.7217139459587634,0.6729972934164107,0.7354883043840528,0.1856653392780281
unsw,2,Analysis,dmean,Content,0.09411173904314638,-0.06032265240326524,0.09238707975484431,0.052241441232021325
unsw,2,Analysis,trans_depth,Content,0.004225159547640942,0.003657411013846286,0.0021661240770481528,0.01100876552797854
unsw,2,Analysis,response_body_len,Content,0.02804227912798524,-0.02804227912798524,0.030832573119550944,0.10120117621384267
unsw,2,Analysis,sjit,Time,0.021402736410964282,-0.015827712521422656,0.027986991126090287,0.014990994588821192
unsw,2,Analysis,djit,Time,0.034933727285824716,0.033039442053996025,0.03233954666182399,0.004411879059465718
unsw,2,Analysis,sinpkt,Time,0.02367212134413421,0.01867610993795097,0.0189781433949247,0.021266120119216792
unsw,2,Analysis,dinpkt,Time,0.11412315566092729,0.1119478340819478,0.12863955441862346,0.01343789589876542
unsw,2,Analysis,tcprtt,Time,0.04711825223872438,0.040488456615712494,0.05081405034288764,0.012261526790032805
unsw,2,Analysis,synack,Time,0.02559448904590681,0.021518879972863943,0.024314518042374403,0.05481052552603069
unsw,2,Analysis,ackdat,Time,0.07584925793111325,0.05796039499342442,0.07371705457568169,0.021423921941539446
unsw,2,Analysis,is_sm_ips_ports,Additional,0.009357502741040661,0.008404351914068684,0.008554728568997234,0.00010594269895227625
unsw,2,Analysis,ct_state_ttl,Additional,0.2972197920829058,0.22246296115219594,0.313947566896677,0.017681026717264105
unsw,2,Analysis,ct_flw_http_mthd,Additional,0.07720135826617479,-0.07720135826617479,0.0802539411187172,0.008814644894993765
unsw,2,Analysis,is_ftp_login,Additional,0.0010829821944935247,-0.00097829964797711,0.0011109793595824157,7.125522021669894e-05
unsw,2,Analysis,ct_ftp_cmd,Additional,0.0028684358734972193,0.001841074528383615,0.0029096764446148882,6.287251213507257e-06
unsw,2,Analysis,ct_srv_src,Additional,0.11255975136067718,-0.058505278467200696,0.1067967088567093,0.09426743143136262
unsw,2,Analysis,ct_srv_dst,Additional,0.09758803733158856,0.03206338653806597,0.09625538291409612,0.09752031331305626
unsw,2,Analysis,ct_dst_ltm,Additional,0.06860379002522678,0.002389993988908827,0.06834922266891226,0.02781711743421329
unsw,2,Analysis,ct_src_ltm,Additional,0.12745365292998032,0.09359130858676508,0.12394547415198759,0.1166701919360712
unsw,2,Analysis,ct_src_dport_ltm,Additional,0.0665387558483053,-0.01623150786734186,0.06479054311173968,0.12623158634108222
unsw,2,Analysis,ct_dst_sport_ltm,Additional,0.2502247117459774,0.22289310947060584,0.24056320890784263,0.01374509532473167
unsw,2,Analysis,ct_dst_src_ltm,Additional,0.21643584609031677,0.18845213800668717,0.214774760119617,0.13600865377268195
unsw,2,Backdoor,proto,Basic,0.38478237847797575,0.3669929132331163,0.3992097862251103,0.9473876818229914
unsw,2,Backdoor,service,Basic,0.17571007885038853,0.1650484148412943,0.15577831082046031,0.20530449921280527
unsw,2,Backdoor,state,Basic,0.1192469023540616,0.10674772385507822,0.13323241993784904,0.008249763682668344
unsw,2,Backdoor,dur,Basic,0.03419763074722141,0.010113855507224798,0.035182409718399865,0.03032532368793909
unsw,2,Backdoor,spkts,Basic,0.030847524707205594,0.027860475634224714,0.03117471695935819,0.010904434774711256
unsw,2,Backdoor,dpkts,Basic,0.03050436633056961,0.02805278180516325,0.03042549646226689,0.0030925784063438196
unsw,2,Backdoor,sbytes,Basic,0.2118172157672234,0.18951744345249608,0.221985220098868,0.3320741747580469
unsw,2,Backdoor,dbytes,Basic,0.06908793123438954,0.05661568576470018,0.06338592432439327,0.030659656468735193
unsw,2,Backdoor,rate,Basic,0.024967568884603678,0.014395788651891053,0.0244722358440049,0.017987761196138315
unsw,2,Backdoor,sttl,Basic,0.16630638271570206,0.16263668686151506,0.17502647519111633,0.06834114515621331
unsw,2,Backdoor,dttl,Basic,0.10374775321222841,0.1030924980249256,0.10366384524852038,0.01637041408300866
unsw,2,Backdoor,sload,Basic,0.04820887057110667,0.0022621532343328,0.049658231837674975,0.11510545737459324
unsw,2,Backdoor,dload,Basic,0.03080667261965573,0.0006213832926005125,0.030932714268565177,0.017029811891829016
unsw,2,Backdoor,sloss,Basic,0.034105112024117264,0.03101606446551159,0.034233475393848495,0.0058168432331367525
unsw,2,Backdoor,dloss,Basic,0.05661055714823306,0.04702407266013324,0.05809508142527193,0.01651153596641961
unsw,2,Backdoor,swin,Content,0.17680823687463998,0.17485001403838396,0.16615435242652893,0.0075692946088966
unsw,2,Backdoor,dwin,Content,0.15081744011491538,0.1451415817812085,0.14790906702168286,0.0
unsw,2,Backdoor,stcpb,Content,0.012394383441423996,-0.00427763071260415,0.014024800683837385,0.008415585681046653
unsw,2,Backdoor,dtcpb,Content,0.11147985562682151,0.1044363260269165,0.10837541360408068,0.019813046280032717
unsw,2,Backdoor,smean,Content,0.610554507561028,0.60825858425349,0.5962500094622374,0.18226955826260385
unsw,2,Backdoor,dmean,Content,0.06450584362260997,0.024700045911595227,0.06254638741258532,0.09260448331403313
unsw,2,Backdoor,trans_depth,Content,0.0041526873287511985,-0.002230143483611755,0.0033523272024467586,0.014576726084240363
unsw,2,Backdoor,response_body_len,Content,0.010025406513595953,0.010025406513595953,0.009169941841391846,0.02808421331355203
unsw,2,Backdoor,sjit,Time,0.02588968585478142,0.007013085880316794,0.028718985982704906,0.011823787244986306
unsw,2,Backdoor,djit,Time,0.09876678422093392,0.08779601395130157,0.10218736581504345,0.011387251457854295
unsw,2,Backdoor,sinpkt,Time,0.04524590231478214,0.0026022540777921677,0.04611740013584495,0.05661883250784014
unsw,2,Backdoor,dinpkt,Time,0.1145506639406085,0.11160432610660792,0.14270167880691587,0.00503118959799758
unsw,2,Backdoor,tcprtt,Time,0.05600349553860724,0.05442402278073132,0.06388675602152943,0.01686695685581071
unsw,2,Backdoor,synack,Time,0.05464777356013656,0.042386301513761285,0.0584415440633893,0.0699514088015203
unsw,2,Backdoor,ackdat,Time,0.04482376956380904,0.043689616825431585,0.0376534226629883,0.020040810793791018
unsw,2,Backdoor,is_sm_ips_ports,Additional,0.012184768911683932,0.012184768911683932,0.012827083795273211,0.00015282330219633882
unsw,2,Backdoor,ct_state_ttl,Additional,0.17773119813762606,0.15399477598257363,0.14671118249651044,0.014419333298435966
unsw,2,Backdoor,ct_flw_http_mthd,Additional,0.03318939452758059,-0.018068963771220296,0.03075059685856104,0.0066021117978443756
unsw,2,Backdoor,is_ftp_login,Additional,0.0009087025201370125,-0.0004758998073884868,0.000878389316603716,6.388866230918206e-05
unsw,2,Backdoor,ct_ftp_cmd,Additional,0.002863573612703476,0.0023108047505957076,0.002819563164957799,2.7528540714229205e-05
unsw,2,Backdoor,ct_srv_src,Additional,0.10623015615623445,-0.046839786763302985,0.09655006383312865,0.0673615500684391
unsw,2,Backdoor,ct_srv_dst,Additional,0.09956681926269084,0.027491552983410657,0.10626074709696695,0.06769520417478632
unsw,2,Backdoor,ct_dst_ltm,Additional,0.07660467064008117,-0.002099717790260911,0.07598730933968909,0.02354232503546518
unsw,2,Backdoor,ct_src_ltm,Additional,0.1583838507463224,0.13188707169378178,0.15858563648769633,0.16505518233128538
unsw,2,Backdoor,ct_src_dport_ltm,Additional,0.0803308441885747,0.022893787438515573,0.08048311258433387,0.11436691974232965
unsw,2,Backdoor,ct_dst_sport_ltm,Additional,0.22210084298625588,0.20218527736142278,0.19370985543355346,0.019894056882065334
unsw,2,Backdoor,ct_dst_src_ltm,Additional,0.167040634425357,0.15046242089010775,0.17474703411571682,0.09142673098258092
unsw,2,DoS,proto,Basic,0.2920461326977238,0.24276616666931658,0.27722988758701833,0.6805129152777372
unsw,2,DoS,service,Basic,0.09611811678158119,-0.0026178741664625704,0.1038413764431607,0.22532170268017215
unsw,2,DoS,state,Basic,0.2386029664054513,0.16456057354807854,0.23814569264650345,0.006170449818502674
unsw,2,DoS,dur,Basic,0.02616579207358882,0.011223566719563679,0.026905249404371716,0.02510347637188171
unsw,2,DoS,spkts,Basic,0.05194575653877109,0.03507271252106875,0.05363946525380015,0.03018187194867642
unsw,2,DoS,dpkts,Basic,0.0416191862244159,0.02912685233168304,0.042497087512165306,0.007688391057934495
unsw,2,DoS,sbytes,Basic,0.1972139240382239,0.1923823730228469,0.2004775203205645,0.27523708020109194
unsw,2,DoS,dbytes,Basic,0.08342601175419986,0.06063856489025057,0.08418340000556782,0.1262440053063255
unsw,2,DoS,rate,Basic,0.029763278369791805,0.001361138706561178,0.030908849950064904,0.019880521077924637
unsw,2,DoS,sttl,Basic,0.2540092813130468,0.24959149091504515,0.26620803396217524,0.17973813755069565
unsw,2,DoS,dttl,Basic,0.14515486526302993,0.14515486526302993,0.16372186351567508,0.02669217752282566
unsw,2,DoS,sload,Basic,0.03704808827489615,0.003968204632401467,0.03923696815036237,0.039902219520830846
unsw,2,DoS,dload,Basic,0.032231232016347346,0.008728328293655068,0.034416401340859014,0.029753262639038432
unsw,2,DoS,sloss,Basic,0.08056913597509265,0.04655339160002768,0.08500030260998756,0.06292461649421603
unsw,2,DoS,dloss,Basic,0.0864511513384059,0.056578028681688014,0.09083909321576357,0.020045394745946396
unsw,2,DoS,swin,Content,0.16324591399170457,0.11869139146991074,0.1756005708826706,0.0007121075363538692
unsw,2,DoS,dwin,Content,0.1020598294492811,0.0952426868584007,0.10732753041666002,0.0
unsw,2,DoS,stcpb,Content,0.02295928913867101,0.011193414146546274,0.02545328891836107,0.015529804125129887
unsw,2,DoS,dtcpb,Content,0.07027367035159841,0.060913386770989744,0.07372011727653444,0.016890023323998322
unsw,2,DoS,smean,Content,0.4474759894050658,0.4188583024777472,0.44845284628681836,0.1472144204740471
unsw,2,DoS,dmean,Content,0.17393907334655523,0.047388682402670385,0.1620421110931784,0.08709333860169861
unsw,2,DoS,trans_depth,Content,0.07611550971749238,0.045548518394352866,0.07985990442568436,0.016436520315324745
unsw,2,DoS,response_body_len,Content,0.04512098184553906,0.039939905803184954,0.043202684265561404,0.03702480685009867
unsw,2,DoS,sjit,Time,0.08512756873387843,-0.005308322641067207,0.09442290059290827,0.01779531778113596
unsw,2,DoS,djit,Time,0.05839595660101622,0.03741263268981129,0.06032389199361205,0.028076616722566543
unsw,2,DoS,sinpkt,Time,0.046293061503674834,0.03516755527583882,0.04791011634515598,0.013368295190357456
unsw,2,DoS,dinpkt,Time,0.09693391105858609,0.06326060577528551,0.10468795187771321,0.013683101839225857
unsw,2,DoS,tcprtt,Time,0.08419155127368867,0.05633179291151464,0.08834198564291,0.020002360760110607
unsw,2,DoS,synack,Time,0.06603243307908997,0.04031894726445898,0.0637852959241718,0.08193933703617949
unsw,2,DoS,ackdat,Time,0.0755277267191559,0.0718064116127789,0.07739502812968567,0.00987565523870217
unsw,2,DoS,is_sm_ips_ports,Additional,0.006398697239055764,0.006393505126761738,0.007070377439958975,0.00012200536187447141
unsw,2,DoS,ct_state_ttl,Additional,0.300203998349607,0.2894465732946992,0.31220029927790166,0.015377635745633597
unsw,2,DoS,ct_flw_http_mthd,Additional,0.05485808110795915,0.03933870370965451,0.047021357950288806,0.009856738815180052
unsw,2,DoS,is_ftp_login,Additional,0.0005160461023842799,0.0003553507588003413,0.0005717086747245048,0.0003227221214146995
unsw,2,DoS,ct_ftp_cmd,Additional,0.0016783468175708548,0.000523708474720479,0.002096673017294961,2.5067016100365425e-05
unsw,2,DoS,ct_srv_src,Additional,0.08676927160471677,0.03916819054633379,0.0794759446522221,0.08235673465864965
unsw,2,DoS,ct_srv_dst,Additional,0.10304135269019753,0.07011489213909954,0.09888364360842389,0.19635032425133975
unsw,2,DoS,ct_dst_ltm,Additional,0.0954594722064212,-0.003262721304781735,0.10094974662410096,0.03206170339575329
unsw,2,DoS,ct_src_ltm,Additional,0.1121998424641788,-0.06932860163971782,0.1094640497060027,0.14062394282750035
unsw,2,DoS,ct_src_dport_ltm,Additional,0.0490845499956049,0.0064259383897297085,0.0497210359480232,0.07607795895574965
unsw,2,DoS,ct_dst_sport_ltm,Additional,0.11466640783008188,0.08076832574326545,0.10782234439160675,0.02168298399025662
unsw,2,DoS,ct_dst_src_ltm,Additional,0.10665486937738024,0.07171220365096814,0.1129412121779751,0.07876267561544227
unsw,2,Exploits,proto,Basic,0.1664743658923544,-0.007505892270710319,0.16765995233668946,0.3855853769213427
unsw,2,Exploits,service,Basic,0.1553863538056612,0.12458762323483824,0.1672380435699597,0.40190462051266507
unsw,2,Exploits,state,Basic,0.1816056369850412,0.18021115217823536,0.21893575736321508,0.008156865332603047
unsw,2,Exploits,dur,Basic,0.032507137542124837,-0.003133191508240998,0.03788591015967541,0.03512101019563123
unsw,2,Exploits,spkts,Basic,0.07257346912869252,0.034189391947584226,0.08354257283499464,0.02247016011087908
unsw,2,Exploits,dpkts,Basic,0.05813005225500092,0.03500604606932029,0.06379530738573522,0.014189213449390082
unsw,2,Exploits,sbytes,Basic,0.18247488669585438,0.16061932482291014,0.1982303325366229,0.26726310770120476
unsw,2,Exploits,dbytes,Basic,0.1613353338901652,0.09242639850999694,0.17726503321668133,0.3139128959969094
unsw,2,Exploits,rate,Basic,0.03597909695119597,0.003813149268971756,0.0405226248560939,0.027287227787352087
unsw,2,Exploits,sttl,Basic,0.44314671427942814,0.4398841026518494,0.49140276360791174,0.3000257025591564
unsw,2,Exploits,dttl,Basic,0.18180699720280244,0.18177652123151347,0.21664883673016447,0.195624980975641
unsw,2,Exploits,sload,Basic,0.03601995462551713,0.002385884409304708,0.03938085929024965,0.04794488873366935
unsw,2,Exploits,dload,Basic,0.03443628940265626,-0.007430795951513573,0.038512747831409795,0.05412885859073139
unsw,2,Exploits,sloss,Basic,0.1376664420031011,0.04905846854671836,0.14610325388610362,0.10314324984049388
unsw,2,Exploits,dloss,Basic,0.08016174735297682,0.04298076861858135,0.09290415980853141,0.12188946209991984
unsw,2,Exploits,swin,Content,0.08305026028770954,0.07400443055201322,0.06878254238399677,0.0009874406791932418
unsw,2,Exploits,dwin,Content,0.1113184557761997,0.10544714900664985,0.09956359978299588,0.0
unsw,2,Exploits,stcpb,Content,0.031023795765358953,0.005622963185887783,0.03155499945394695,0.014862254003395721
unsw,2,Exploits,dtcpb,Content,0.09892636619042605,0.07854485711548477,0.09244019553763792,0.01805180595700222
unsw,2,Exploits,smean,Content,0.4603083948139101,0.4256969524081796,0.4292873474303633,0.1854690618060995
unsw,2,Exploits,dmean,Content,0.4130044743325561,0.3222490676771849,0.38030450131278487,0.2692443776059664
unsw,2,Exploits,trans_depth,Content,0.08221292250498663,0.07775715130439494,0.08409713838016614,0.02025616343927413
unsw,2,Exploits,response_body_len,Content,0.04720759936608374,0.02757227280177176,0.04834702362306416,0.0548435054239308
unsw,2,Exploits,sjit,Time,0.07584935275837779,0.03352030424401164,0.08376326481113211,0.01754764318035722
unsw,2,Exploits,djit,Time,0.10640390030806884,0.09018824480706826,0.10546857973793522,0.027863627862614534
unsw,2,Exploits,sinpkt,Time,0.08202088265679777,0.058297060006298126,0.09525393066927791,0.010642657329772183
unsw,2,Exploits,dinpkt,Time,0.10557709267828613,0.0855423390166834,0.11784341797232628,0.01970134275946476
unsw,2,Exploits,tcprtt,Time,0.12207364559173584,0.11817595148459077,0.12707129114074633,0.04390094561411207
unsw,2,Exploits,synack,Time,0.07194098300067708,0.04371014627395198,0.07324515746440738,0.07000412343369682
unsw,2,Exploits,ackdat,Time,0.2124161373975221,0.20436290859594008,0.23933544173836707,0.05542240718474566
unsw,2,Exploits,is_sm_ips_ports,Additional,0.006477506011724472,0.00619517051614821,0.006619308060908225,0.0009207947776885702
unsw,2,Exploits,ct_state_ttl,Additional,0.6215401150053367,0.5922507094079629,0.6187481566146016,0.03175286442513971
unsw,2,Exploits,ct_flw_http_mthd,Additional,0.08251094872131944,0.05751433412078768,0.09139977510669269,0.022252869675742658
unsw,2,Exploits,is_ftp_login,Additional,0.0019159259496700541,0.00041071242643738517,0.0015438699664082377,0.006755617329858072
unsw,2,Exploits,ct_ftp_cmd,Additional,0.015629513707244767,0.00690253329812549,0.01347243786443869,0.001288676364601088
unsw,2,Exploits,ct_srv_src,Additional,0.14849143645726146,0.10588084834627808,0.15042309963144362,0.05083833418892025
unsw,2,Exploits,ct_srv_dst,Additional,0.16012026670388876,0.13564860076643526,0.1618970246776007,0.12507214418175863
unsw,2,Exploits,ct_dst_ltm,Additional,0.05500525160692632,0.016565706729888916,0.05728198431199417,0.008676266664573632
unsw,2,Exploits,ct_src_ltm,Additional,0.05674386371858418,-0.010168874189257621,0.054156820932403205,0.028559058779057532
unsw,2,Exploits,ct_src_dport_ltm,Additional,0.06602263142121956,-0.039582305073272435,0.0641086958674714,0.04360993534098455
unsw,2,Exploits,ct_dst_sport_ltm,Additional,0.08840260354336352,0.06605863036122173,0.08027240204275586,0.012084787322222835
unsw,2,Exploits,ct_dst_src_ltm,Additional,0.1256781295640394,-0.011132540232501924,0.13648065189365297,0.10621371205625474
unsw,2,Fuzzers,proto,Basic,0.4374689159821719,0.044494474856182936,0.5270274028857238,0.5666832099303137
unsw,2,Fuzzers,service,Basic,0.24383548077195882,0.24383548077195882,0.255567538253963,0.3274978407298331
unsw,2,Fuzzers,state,Basic,0.3552738763764501,0.2011646107956767,0.353775240406394,0.005552552178352924
unsw,2,Fuzzers,dur,Basic,0.05271509513491765,0.018643601241055876,0.05208312067319639,0.028960948370269756
unsw,2,Fuzzers,spkts,Basic,0.0633260087063536,0.012240968919359147,0.06698379071895033,0.07214879283902516
unsw,2,Fuzzers,dpkts,Basic,0.04298616671003401,0.02378292052540928,0.04373242736444809,0.00631248448644692
unsw,2,Fuzzers,sbytes,Basic,0.22389703383669257,0.20401790024712682,0.21357970229350032,0.3962940339144842
unsw,2,Fuzzers,dbytes,Basic,0.2120622675353661,0.19710887719411402,0.21924537198618055,0.22210148963214307
unsw,2,Fuzzers,rate,Basic,0.04255155657418072,-0.0001450906740501523,0.04324644931708463,0.02612654448318336
unsw,2,Fuzzers,sttl,Basic,0.24615857718978076,0.24271272771526128,0.25655388392740863,0.2217501606831775
unsw,2,Fuzzers,dttl,Basic,0.1495898903592024,0.14639910624246114,0.15648030669311994,0.00817572958326491
unsw,2,Fuzzers,sload,Basic,0.048465718659572304,0.012136815735138952,0.050688062875997274,0.04384483306905896
unsw,2,Fuzzers,dload,Basic,0.06270943650219124,-0.00849281602713745,0.06296974377590231,0.041891906469310916
unsw,2,Fuzzers,sloss,Basic,0.1167105041211471,0.06273945939727127,0.11636540999636054,0.13863525515342187
unsw,2,Fuzzers,dloss,Basic,0.0990857620560564,0.045097979286219926,0.09365252778399735,0.03901465338985146
unsw,2,Fuzzers,swin,Content,0.08013123163953423,0.068916718182154,0.07481234850478359,0.0005574365038191902
unsw,2,Fuzzers,dwin,Content,0.2384303155913949,0.2068418038263917,0.24063757003750652,0.0
unsw,2,Fuzzers,stcpb,Content,0.03598070807056501,0.017490426420699805,0.03617155446438119,0.014068570523970264
unsw,2,Fuzzers,dtcpb,Content,0.20545332905836403,0.18086561202071608,0.19788029627874493,0.015538139377695189
unsw,2,Fuzzers,smean,Content,0.3620471774926409,0.30102143820840865,0.36209397940896454,0.2833424947836901
unsw,2,Fuzzers,dmean,Content,0.5014346534013748,0.49868327140808105,0.4936731789261103,0.1783025166401821
unsw,2,Fuzzers,trans_depth,Content,0.0518334839848103,0.05059006018273067,0.05454061084892601,0.01356072128080996
unsw,2,Fuzzers,response_body_len,Content,0.015276897917501628,0.012186134669464081,0.014900618398678489,0.0331648377916681
unsw,2,Fuzzers,sjit,Time,0.08843441628327127,0.041118309582234364,0.09151732786442153,0.013241157928328908
unsw,2,Fuzzers,djit,Time,0.06529370150412434,0.051264754206640645,0.06127880263316911,0.04359029068070231
unsw,2,Fuzzers,sinpkt,Time,0.12510862964438274,0.07249956632265821,0.13167432381305844,0.024724990263213845
unsw,2,Fuzzers,dinpkt,Time,0.1026664059353061,0.09349921267712488,0.1046948983531911,0.02909104517722699
unsw,2,Fuzzers,tcprtt,Time,0.09007386702345684,0.08669509495841339,0.09452056752052158,0.10547310289377673
unsw,2,Fuzzers,synack,Time,0.1101749795023352,0.08465402335859835,0.11002929663169198,0.35149913593629023
unsw,2,Fuzzers,ackdat,Time,0.11061406895052642,0.10552327240351587,0.12062579231453129,0.02448904271559877
unsw,2,Fuzzers,is_sm_ips_ports,Additional,0.010380205091641982,0.009845672275550896,0.012339262496097944,9.228193317539989e-05
unsw,2,Fuzzers,ct_state_ttl,Additional,0.5857325795292855,0.5676487176120282,0.6793798116128892,0.022171661303013023
unsw,2,Fuzzers,ct_flw_http_mthd,Additional,0.036823285727296026,0.026188779019284993,0.03959579575108364,0.010781616733844207
unsw,2,Fuzzers,is_ftp_login,Additional,0.00424029640853405,-0.00424029640853405,0.004777955673635006,6.5226111899392e-05
unsw,2,Fuzzers,ct_ftp_cmd,Additional,0.007274918021139456,-0.007087878984893905,0.008101129618589767,1.2682183207289203e-05
unsw,2,Fuzzers,ct_srv_src,Additional,0.1800579142011702,0.10418855438008905,0.1961776983505115,0.09382943809127756
unsw,2,Fuzzers,ct_srv_dst,Additional,0.19590644947253166,0.12223228332586586,0.2087895462103188,0.22548557579526102
unsw,2,Fuzzers,ct_dst_ltm,Additional,0.09722430724767037,0.0071335543517488985,0.10808831550646573,0.011871124839439286
unsw,2,Fuzzers,ct_src_ltm,Additional,0.06192318195709959,-0.0031333766714669764,0.07021789116901346,0.00949831397618254
unsw,2,Fuzzers,ct_src_dport_ltm,Additional,0.3355113533884287,0.03242019079625606,0.36137400031089784,0.15811336606827536
unsw,2,Fuzzers,ct_dst_sport_ltm,Additional,0.3957794128730893,0.2398285449668765,0.3963938203826547,0.02022353723169363
unsw,2,Fuzzers,ct_dst_src_ltm,Additional,0.3685971634369343,-0.0722508625406772,0.3996994701679796,0.4523394767828286
unsw,2,Generic,proto,Basic,0.26365565732121465,0.2609619426727295,0.291855301707983,0.7881117995579261
unsw,2,Generic,service,Basic,0.9404014081507921,0.9219197415560484,0.9310247379541398,4.441872336390196
unsw,2,Generic,state,Basic,0.032172836910467593,0.030167546879965812,0.026021884460933505,0.00875119269976131
unsw,2,Generic,dur,Basic,0.007072028138209134,0.005467867918778211,0.004522600505151786,0.03674440599835361
unsw,2,Generic,spkts,Basic,0.043193067125976085,0.04243396762758493,0.04559888100251555,0.027464722579075892
unsw,2,Generic,dpkts,Basic,0.025685601629083975,0.025649711262667553,0.027458217409439385,0.004303157387876126
unsw,2,Generic,sbytes,Basic,0.32737126529216765,0.32660386472940445,0.34709106892347336,0.9689607019748072
unsw,2,Generic,dbytes,Basic,0.03145394124090672,0.029538797065615654,0.03400693034287542,0.01693657653205446
unsw,2,Generic,rate,Basic,0.020448346320772543,0.0019744192564394324,0.022276790628093294,0.031209723417894554
unsw,2,Generic,sttl,Basic,0.3006130301952362,0.29523751616477967,0.31453698746860026,0.0732135178447352
unsw,2,Generic,dttl,Basic,0.16101855326443912,0.16101855326443912,0.1706236736662686,0.016025558186927805
unsw,2,Generic,sload,Basic,0.02135292945080437,0.0070436840306501835,0.021766235829563812,0.04026541319862008
unsw,2,Generic,dload,Basic,0.004072259406093508,0.003200685677584261,0.0036754212068626658,0.017241777329123572
unsw,2,Generic,sloss,Basic,0.014000604214379564,0.011528631845721974,0.012712711073691025,0.013498483699979255
unsw,2,Generic,dloss,Basic,0.03894942110404372,0.03894942110404372,0.03744818285107612,0.023953835537540727
unsw,2,Generic,swin,Content,0.025898960679769517,0.02457910269498825,0.012027627965435385,0.0006234982165042311
unsw,2,Generic,dwin,Content,0.13447171952575446,0.12978032771497966,0.13142706785351038,0.0
unsw,2,Generic,stcpb,Content,0.041779304770752784,0.04070121911354363,0.04042040520755109,0.0036032678075353032
unsw,2,Generic,dtcpb,Content,0.12479928988963365,0.12069659266620875,0.12078443289734424,0.005828703371429583
unsw,2,Generic,smean,Content,1.2591889026761054,1.2512106639146805,1.209201672077179,0.31603822334855797
unsw,2,Generic,dmean,Content,0.363384999288246,0.3554571065772325,0.36735551737248895,0.02121816645469516
unsw,2,Generic,trans_depth,Content,0.031056547100888565,0.030885584003990517,0.025359690512996167,0.017977198164271613
unsw,2,Generic,response_body_len,Content,0.03345675175194628,0.03327877192641608,0.03531331476988271,0.015219612345987121
unsw,2,Generic,sjit,Time,0.10820827561896294,0.10574018034618347,0.11680391195230186,0.004103068419819464
unsw,2,Generic,djit,Time,0.03210267199203372,0.03177644396200776,0.03498413166962564,0.0022749281020951464
unsw,2,Generic,sinpkt,Time,0.31568999111652374,0.2990949058532715,0.32195914044976237,0.04050772289371527
unsw,2,Generic,dinpkt,Time,0.2371204413473606,0.22851851418614388,0.25882748395204547,0.0038815849595412156
unsw,2,Generic,tcprtt,Time,0.05128175188787282,0.04905899959616363,0.05476352439145558,0.019164076392455175
unsw,2,Generic,synack,Time,0.04791041418910027,0.04746723972260952,0.051077656429260966,0.0608285712087818
unsw,2,Generic,ackdat,Time,0.05132855074014515,0.04914639095310122,0.04578877544030547,0.02383348090294749
unsw,2,Generic,is_sm_ips_ports,Additional,0.01168155557475984,0.0080912000592798,0.011734591286513022,8.584222117497121e-05
unsw,2,Generic,ct_state_ttl,Additional,0.43389401245862247,0.1847238431684673,0.47046068830415605,0.012740726516678475
unsw,2,Generic,ct_flw_http_mthd,Additional,0.06362655500182882,0.061574792459141464,0.06725599747151137,0.011193129569732263
unsw,2,Generic,is_ftp_login,Additional,0.0006198223152387072,0.00033636152071267136,0.0008414811654802179,5.171576957582152e-05
unsw,2,Generic,ct_ftp_cmd,Additional,0.006040399862977211,0.0005364338876097463,0.0063543703712639395,6.332781014862126e-06
unsw,2,Generic,ct_srv_src,Additional,0.2871672890521586,0.21516764206811786,0.2921558067202568,0.1285885473503731
unsw,2,Generic,ct_srv_dst,Additional,0.24871902318205685,0.2047256562532857,0.2556331431679428,0.3359542046885472
unsw,2,Generic,ct_dst_ltm,Additional,0.10701866012532264,0.07153564514126629,0.11082635869737714,0.0548368964934125
unsw,2,Generic,ct_src_ltm,Additional,0.051020044803153725,-0.019364177884999664,0.056100434456020594,0.025289065316406775
unsw,2,Generic,ct_src_dport_ltm,Additional,0.18410802693106235,0.08381748898886145,0.19469982301816344,0.2030748879029416
unsw,2,Generic,ct_dst_sport_ltm,Additional,0.5146870869863779,0.4408179083000869,0.5137021192535758,0.2378583843112793
unsw,2,Generic,ct_dst_src_ltm,Additional,0.14086380306165666,0.10198038426693529,0.14296114322263748,0.10389436282459069
unsw,2,Normal,proto,Basic,0.2201586449658498,0.17463625731412322,0.22970791142899544,0.8277688903363887
unsw,2,Normal,service,Basic,0.21669745231512935,0.21620486957486718,0.22659836634993552,0.260309440861689
unsw,2,Normal,state,Basic,0.2785034086368978,0.2255785053037107,0.2627297519613057,0.06216726959989682
unsw,2,Normal,dur,Basic,0.03149249676382169,-0.0005441224970854819,0.034110271321842446,0.029084660402571908
unsw,2,Normal,spkts,Basic,0.05923363163718023,0.03398234746069648,0.061019140811404214,0.0453620004817785
unsw,2,Normal,dpkts,Basic,0.062094915728084746,0.05004957716679201,0.06330148771288804,0.02108937180951216
unsw,2,Normal,sbytes,Basic,0.1701779445959255,0.11727117590140551,0.16863349675433711,0.2906570517621294
unsw,2,Normal,dbytes,Basic,0.08328443056438119,0.07566796672530472,0.0820614759880118,0.08814626582339408
unsw,2,Normal,rate,Basic,0.035074183704564346,0.01552680970984511,0.03771479952614754,0.02925190689256489
unsw,2,Normal,sttl,Basic,0.4682591442554258,0.4446638528141193,0.43277638528030365,1.8257149740882974
unsw,2,Normal,dttl,Basic,0.28346781332511456,0.27991368803661315,0.26852043902268635,0.14592285551229725
unsw,2,Normal,sload,Basic,0.03990039767755661,0.006636032369569876,0.04354900584556162,0.0628334500153869
unsw,2,Normal,dload,Basic,0.03607252825633623,0.014812263229396194,0.03962394763191696,0.16547227037382242
unsw,2,Normal,sloss,Basic,0.10141756056109444,0.07416623048251494,0.10210496107582002,0.09221467787884469
unsw,2,Normal,dloss,Basic,0.08356703361961991,0.04402086409274489,0.08133888129144907,0.022363205633126198
unsw,2,Normal,swin,Content,0.34988727457821367,0.277414266243577,0.37141742259263993,0.006382037336647044
unsw,2,Normal,dwin,Content,0.1971137399226427,0.17883000563830137,0.20689144534990192,0.0
unsw,2,Normal,stcpb,Content,0.04110244107199833,0.02156913100508973,0.044493340351618824,0.011479716851927148
unsw,2,Normal,dtcpb,Content,0.14778781994245946,0.12412532568909228,0.15338211119640618,0.01741639476910495
unsw,2,Normal,smean,Content,0.5038175612455233,0.3440999038005248,0.5301155738905072,0.24680083416253912
unsw,2,Normal,dmean,Content,0.5173422126471996,0.43883808091282844,0.5931041928566992,0.1156691528801166
unsw,2,Normal,trans_depth,Content,0.09476950660347938,0.06201335847377777,0.0920229447260499,0.03289558205401955
unsw,2,Normal,response_body_len,Content,0.06356262131594122,0.06342441106215119,0.0718818961654324,0.045669290617523096
unsw,2,Normal,sjit,Time,0.11872798522002995,0.024345096815377474,0.1288550283573568,0.023803324940789024
unsw,2,Normal,djit,Time,0.11871083471109159,0.09297184876049869,0.12345453595742584,0.008494843129308722
unsw,2,Normal,sinpkt,Time,0.1812475228193216,0.15037832590052858,0.1947453237627633,0.026094660850620132
unsw,2,Normal,dinpkt,Time,0.4401949524274096,0.35345570868346843,0.4683409838192165,0.026003779411679716
unsw,2,Normal,tcprtt,Time,0.30636929349973796,0.254841016959399,0.33353158764541146,0.028020334870539957
unsw,2,Normal,synack,Time,0.20066219133557753,0.18233128921827302,0.22466141756623983,0.09546126722430927
unsw,2,Normal,ackdat,Time,0.27842893602792174,0.1718472029035911,0.28450223450083284,0.028396156201422856
unsw,2,Normal,is_sm_ips_ports,Additional,0.031118753124028443,0.021610773372813127,0.032237387819332074,0.0021596397022221945
unsw,2,Normal,ct_state_ttl,Additional,1.1215996131300927,1.1050014282763003,1.2409727587550878,0.38870420484625
unsw,2,Normal,ct_flw_http_mthd,Additional,0.06488782579544931,0.06062964748591185,0.08474379864754156,0.022507068534056093
unsw,2,Normal,is_ftp_login,Additional,0.0020346831420829403,8.499097191815963e-05,0.0023863677214831115,0.00029838418033614295
unsw,2,Normal,ct_ftp_cmd,Additional,0.030185301675228402,0.012921839581103996,0.03145726191869471,4.0969687935103136e-05
unsw,2,Normal,ct_srv_src,Additional,0.17440510259009898,0.11126257873140276,0.1984777380898595,0.13425302619644203
unsw,2,Normal,ct_srv_dst,Additional,0.23354284914210438,0.15694496246054768,0.2624738024128601,0.31367249004833864
unsw,2,Normal,ct_dst_ltm,Additional,0.11193695873953402,0.03177373770624399,0.12210347322048619,0.030462961968114537
unsw,2,Normal,ct_src_ltm,Additional,0.05289422305650078,0.025681526308180765,0.06106363190570846,0.010917648164446287
unsw,2,Normal,ct_src_dport_ltm,Additional,0.13233262658119202,-0.023038480877876282,0.15571763010288123,0.08139711411459576
unsw,2,Normal,ct_dst_sport_ltm,Additional,0.3498835014179349,0.3444204929843545,0.36162976753897963,0.029442328025310428
unsw,2,Normal,ct_dst_src_ltm,Additional,0.23213556600734592,0.1470309949107468,0.2647407832928002,0.29305656695587096
unsw,2,Reconnaissance,proto,Basic,0.15402601464884355,0.15231140175135807,0.2189016442000866,0.426926711229258
unsw,2,Reconnaissance,service,Basic,0.18282958457246423,0.013801741935312748,0.2075282242987305,0.1837351302469324
unsw,2,Reconnaissance,state,Basic,0.12289065752294846,0.09481085657258519,0.10128373224288226,0.012178019274502731
unsw,2,Reconnaissance,dur,Basic,0.04532622133847326,0.02813322107773274,0.04828127985354513,0.03231833436210581
unsw,2,Reconnaissance,spkts,Basic,0.11732033399865031,0.11209823602810502,0.13680096170865,0.004937068261235255
unsw,2,Reconnaissance,dpkts,Basic,0.08281804173835554,0.07981889634975232,0.09379794094362297,0.005344361202103757
unsw,2,Reconnaissance,sbytes,Basic,1.7491507930401713,1.74070880102925,1.8619733803346754,1.7749413744068
unsw,2,Reconnaissance,dbytes,Basic,0.14382198268081992,0.12891717450227588,0.1532091851532459,0.1412888773877639
unsw,2,Reconnaissance,rate,Basic,0.059440386882051825,-0.01570383503101766,0.06745248582214117,0.021249648224660644
unsw,2,Reconnaissance,sttl,Basic,0.43778874674346296,0.434983332217671,0.5137205637060106,0.06155077514015282
unsw,2,Reconnaissance,dttl,Basic,0.12673989126924426,0.10646951329894364,0.15689258209895343,0.0209937394571607
unsw,2,Reconnaissance,sload,Basic,0.06345611206721515,0.025999549268744884,0.07261684111785144,0.041139815021873805
unsw,2,Reconnaissance,dload,Basic,0.05198454833123833,0.014508922230452298,0.056186969524715094,0.0339404673010722
unsw,2,Reconnaissance,sloss,Basic,0.06257565253647045,0.043169845221564175,0.07844944983255119,0.04190950778562546
unsw,2,Reconnaissance,dloss,Basic,0.0692975700693205,-0.019997415016405284,0.06553620348218829,0.02494417441484983
unsw,2,Reconnaissance,swin,Content,0.1346493179316167,0.03919995893375017,0.1671134321857244,0.0027934221333125596
unsw,2,Reconnaissance,dwin,Content,0.11151119638700038,0.10636369872372597,0.12313054113648832,0.0
unsw,2,Reconnaissance,stcpb,Content,0.034032326380256564,0.025127346513327212,0.0350758672185475,0.010172587712833777
unsw,2,Reconnaissance,dtcpb,Content,0.2060796715959441,0.034762007211102175,0.21301369352266192,0.0170537742803208
unsw,2,Reconnaissance,smean,Content,2.1494835128076373,2.1309379339404404,2.2549978676624596,1.3497393447172947
unsw,2,Reconnaissance,dmean,Content,0.5820954654924572,0.5651329438202083,0.6707877023518085,0.4404874915887776
unsw,2,Reconnaissance,trans_depth,Content,0.11865665847435594,0.03863442314788699,0.11745864196680486,0.02108869313506694
unsw,2,Reconnaissance,response_body_len,Content,0.042532520703971385,0.042532520703971385,0.043634315263479946,0.04385242340953846
unsw,2,Reconnaissance,sjit,Time,0.3167319927131757,0.2781346041476354,0.2981067601346876,0.11771606552207954
unsw,2,Reconnaissance,djit,Time,0.21365319538512267,0.18773199895746073,0.20844166812254117,0.02986612864339258
unsw,2,Reconnaissance,sinpkt,Time,0.25737889457494023,0.2362045839615166,0.2295604448346421,0.010811599970154928
unsw,2,Reconnaissance,dinpkt,Time,0.241960284486413,0.2321312893461436,0.2340262680966407,0.013812369097431656
unsw,2,Reconnaissance,tcprtt,Time,0.09454675435554236,0.06762461055535823,0.09341514436993748,0.01841920852594194
unsw,2,Reconnaissance,synack,Time,0.09712780431611463,0.07081803027307615,0.09301899937097914,0.046856152278480306
unsw,2,Reconnaissance,ackdat,Time,0.18688581436057575,0.1791508892632555,0.16681594683555886,0.013535291004402102
unsw,2,Reconnaissance,is_sm_ips_ports,Additional,0.012932086295913905,0.012905779236461967,0.015247923182323575,2.2751255004550333e-05
unsw,2,Reconnaissance,ct_state_ttl,Additional,0.9408823638036847,0.9341859466955066,0.7643636576551944,0.015552834422890554
unsw,2,Reconnaissance,ct_flw_http_mthd,Additional,0.1422731721738819,0.1348899753182195,0.12486382422037423,0.005671941119945587
unsw,2,Reconnaissance,is_ftp_login,Additional,0.001342329104008968,0.0012756843800161733,0.0010366263372270624,3.712541801360203e-05
unsw,2,Reconnaissance,ct_ftp_cmd,Additional,0.0050899800908518955,0.005034228030708619,0.004854728593491018,9.737415656672957e-06
unsw,2,Reconnaissance,ct_srv_src,Additional,0.11397448308067397,-0.04336327069206163,0.11441610853769817,0.08727702443654563
unsw,2,Reconnaissance,ct_srv_dst,Additional,0.11053165401099249,0.04595304525690153,0.11482326486380771,0.2610885915161924
unsw,2,Reconnaissance,ct_dst_ltm,Additional,0.0651183806010522,-0.011259319910313934,0.057942857216112316,0.018000410865737636
unsw,2,Reconnaissance,ct_src_ltm,Additional,0.08077618147595786,0.015612834523199125,0.08585507142008282,0.018354727725549316
unsw,2,Reconnaissance,ct_src_dport_ltm,Additional,0.06566542872227728,0.05142240036278963,0.05221452874597162,0.025912765639342986
unsw,2,Reconnaissance,ct_dst_sport_ltm,Additional,0.2112563680438325,0.2057060170499608,0.17594867109903134,0.01017456000463426
unsw,2,Reconnaissance,ct_dst_src_ltm,Additional,0.3540878360392526,0.32442081783432514,0.2884769707918167,0.42462080366467136
unsw,2,Shellcode,proto,Basic,0.7596970194578171,0.4522893422842026,0.715757245272398,0.9608672777332832
unsw,2,Shellcode,service,Basic,1.0048190543055535,1.0048190543055535,0.9898277646303177,0.5021738704866149
unsw,2,Shellcode,state,Basic,0.3572251397371292,0.07449072897434235,0.35987706802785396,0.006971569686975272
unsw,2,Shellcode,dur,Basic,0.0459807152999565,0.019452733122743666,0.047208263061475006,0.036747617776760305
unsw,2,Shellcode,spkts,Basic,0.15567767979577185,0.14531942488625646,0.14371085736434908,0.011838791333571868
unsw,2,Shellcode,dpkts,Basic,0.05513154290150851,0.050411908007226884,0.05334858114598319,0.0072295344426493114
unsw,2,Shellcode,sbytes,Basic,0.40473734282888474,0.26138363800011577,0.39055991839617493,0.6060190435990226
unsw,2,Shellcode,dbytes,Basic,0.11621219467371702,0.11573608670383692,0.10691748537123204,0.23892910905740516
unsw,2,Shellcode,rate,Basic,0.08772767833666877,-0.012741081437561662,0.08330026157433167,0.0321186836236675
unsw,2,Shellcode,sttl,Basic,0.26034497216343877,0.25069049179553987,0.22575740359723567,0.0632791637607297
unsw,2,Shellcode,dttl,Basic,0.10699931303504855,0.10222196074668317,0.08123265048954637,0.013293627733481115
unsw,2,Shellcode,sload,Basic,0.129037015264621,-0.014258193414425477,0.12877801293041558,0.05180734484561253
unsw,2,Shellcode,dload,Basic,0.040555959295015785,0.01607177250320092,0.0379623073223047,0.08207786916432086
unsw,2,Shellcode,sloss,Basic,0.11513298357836903,0.0679179719556123,0.10620261528529226,0.010804973587859418
unsw,2,Shellcode,dloss,Basic,0.1280492431030143,0.12772462331806309,0.12284726882120595,0.025963627636985613
unsw,2,Shellcode,swin,Content,0.21017794754821806,0.17554936177562921,0.23721347036771476,0.0013347538386879023
unsw,2,Shellcode,dwin,Content,0.10751605566125363,0.06437808972317725,0.13269828227348626,0.0
unsw,2,Shellcode,stcpb,Content,0.051181767703965306,0.03199992140755057,0.056730550893116745,0.01450546051971832
unsw,2,Shellcode,dtcpb,Content,0.20345269676065073,0.17413655971409753,0.22683335341513156,0.024800804253231022
unsw,2,Shellcode,smean,Content,1.3037216887250542,1.2280763587728143,1.3650937397405505,0.5667249502770139
unsw,2,Shellcode,dmean,Content,0.7479070378839969,0.7419968546926975,0.846018353998661,0.5772848149213827
unsw,2,Shellcode,trans_depth,Content,0.049395058763911946,0.04489986537839286,0.05244676202069968,0.03562554557283694
unsw,2,Shellcode,response_body_len,Content,0.022260473930509762,0.014828916908008978,0.02209788795793429,0.04082171308503892
unsw,2,Shellcode,sjit,Time,0.1912242513243109,0.15046119022183121,0.18610688189975919,0.07711696165337434
unsw,2,Shellcode,djit,Time,0.12915906740352512,0.06746325345709919,0.12804975662380458,0.01449676666437881
unsw,2,Shellcode,sinpkt,Time,0.18543361719232052,0.14903163191396743,0.16454820054583252,0.03222278499828825
unsw,2,Shellcode,dinpkt,Time,0.09628927832236514,0.07539431658340617,0.08530707840807736,0.015143054220832715
unsw,2,Shellcode,tcprtt,Time,0.16862150637898593,0.0015878935856744646,0.16289306787773966,0.01620797990613392
unsw,2,Shellcode,synack,Time,0.1103217598143965,0.01644746652804315,0.12297767692711205,0.050375874347329964
unsw,2,Shellcode,ackdat,Time,0.1622436364600435,0.14318778097163887,0.16453462189994753,0.031605189907984825
unsw,2,Shellcode,is_sm_ips_ports,Additional,0.009205161376085015,0.00887478496057156,0.011696685258066282,5.9731973189627735e-05
unsw,2,Shellcode,ct_state_ttl,Additional,0.65826791100204,0.65826791100204,0.6723759777843952,0.01372319259516644
unsw,2,Shellcode,ct_flw_http_mthd,Additional,0.18596654281020164,0.18596654281020164,0.1844906522333622,0.010165305191032536
unsw,2,Shellcode,is_ftp_login,Additional,0.0037954647489823403,0.0037954647489823403,0.0036489063245244324,3.0336393412198955e-05
unsw,2,Shellcode,ct_ftp_cmd,Additional,0.009748556418344378,0.009748556418344378,0.010343536571599542,9.016644052962874e-06
unsw,2,Shellcode,ct_srv_src,Additional,0.157812389198225,-0.09773109162924812,0.1586994813894853,0.02879655198837282
unsw,2,Shellcode,ct_srv_dst,Additional,0.08891518220771104,-0.01616024980787188,0.09219762498978526,0.054388677295632105
unsw,2,Shellcode,ct_dst_ltm,Additional,0.0831386938947253,-0.061714921810198574,0.07934285230934619,0.0407331117795584
unsw,2,Shellcode,ct_src_ltm,Additional,0.1014968690276146,0.04878576708957553,0.10378986791241913,0.014936611373894269
unsw,2,Shellcode,ct_src_dport_ltm,Additional,0.1786987791210413,0.1786987791210413,0.1762387238442898,0.3842093915487931
unsw,2,Shellcode,ct_dst_sport_ltm,Additional,0.2764860710687935,0.2764860710687935,0.28170560088008645,0.02316390626403881
unsw,2,Shellcode,ct_dst_src_ltm,Additional,0.5051506412029266,0.4481608295440674,0.5185124916583299,0.9859246472631934
unsw,2,Worms,proto,Basic,0.1978633409281346,-0.020284413021396507,0.1952385238255374,0.39547559828113826
unsw,2,Worms,service,Basic,0.9287876159122045,0.883694137277251,0.9510202662680637,2.35768954041037
unsw,2,Worms,state,Basic,0.23045460439541124,-0.1639670661904595,0.2639063032269901,0.0067318138201285785
unsw,2,Worms,dur,Basic,0.15329712694934147,0.041375664634291424,0.1461098053153943,0.103329873436335
unsw,2,Worms,spkts,Basic,0.049505558531646704,0.006657893039201471,0.053809278305958615,0.03074772573080818
unsw,2,Worms,dpkts,Basic,0.20088299361734904,0.16621496390805326,0.20016808824783022,0.012113992116974255
unsw,2,Worms,sbytes,Basic,2.0574516501616347,2.041753729297356,1.9942804602059452,1.7323959863742027
unsw,2,Worms,dbytes,Basic,0.2061764152445407,0.19785291327967902,0.2116813523144546,0.06785303446495988
unsw,2,Worms,rate,Basic,0.1850661771287295,0.012419446583159945,0.1860967938026244,0.1391888634482298
unsw,2,Worms,sttl,Basic,0.4829484820365906,0.4829484820365906,0.43130076956003904,0.2601689863773736
unsw,2,Worms,dttl,Basic,0.2605825146363879,0.2534564174923368,0.21787339902419428,0.011510744065295016
unsw,2,Worms,sload,Basic,0.2043893827675757,-0.09077706723473966,0.19877710748485036,0.2311051580603155
unsw,2,Worms,dload,Basic,0.1611816285453229,-0.050439436422576284,0.1570860276168043,0.09965989803994572
unsw,2,Worms,sloss,Basic,0.07230564263987947,0.05736446920358999,0.06571839794262567,0.024343695576366862
unsw,2,Worms,dloss,Basic,0.087257260795344,-0.046904287385669624,0.09078739394052801,0.029638109798410875
unsw,2,Worms,swin,Content,0.09161201489835301,0.08228194152682343,0.10773985551416197,0.0009423443108971696
unsw,2,Worms,dwin,Content,0.16762703896330838,0.15079364212314514,0.18587985645386984,0.0
unsw,2,Worms,stcpb,Content,0.16616028068925848,-0.0007021245546638966,0.178027698346837,0.14221578903019366
unsw,2,Worms,dtcpb,Content,0.20741206877441568,0.18934814153577795,0.20897649287838826,0.10533584827255917
unsw,2,Worms,smean,Content,2.181794222105633,2.118743609298359,2.350386256521398,0.6710681235259308
unsw,2,Worms,dmean,Content,0.6906874125654047,0.6906874125654047,0.7570446191186254,0.05107441912848365
unsw,2,Worms,trans_depth,Content,0.23911754973232746,0.1556905291297219,0.3247719004919583,0.27807442066687965
unsw,2,Worms,response_body_len,Content,0.2773316617293114,0.2773316617293114,0.3006301204758612,0.055837536828552074
unsw,2,Worms,sjit,Time,0.17964204371144826,0.08045626038008115,0.16642986781979827,0.036786763215761985
unsw,2,Worms,djit,Time,0.20674274950711566,-0.1394730631516061,0.20121427333321085,0.02999917215569109
unsw,2,Worms,sinpkt,Time,0.16776747281917118,-0.002036229114640843,0.15939439498734745,0.03984281634270288
unsw,2,Worms,dinpkt,Time,0.15411965591325003,-0.0002569650215181437,0.16291215366006576,0.08865063494595232
unsw,2,Worms,tcprtt,Time,0.13155871257185936,0.05715890677476471,0.13140465763651513,0.1182665594823365
unsw,2,Worms,synack,Time,0.18259239439132877,0.10935261846647006,0.17769242826298895,0.1250797500862973
unsw,2,Worms,ackdat,Time,0.24644638541874223,0.10281594342086464,0.2513085343366997,0.12368055999698048
unsw,2,Worms,is_sm_ips_ports,Additional,0.004202945143333636,0.0039641385731308465,0.0034788429746351376,0.00017589821529161943
unsw,2,Worms,ct_state_ttl,Additional,0.34688146357339894,0.3395410382019525,0.3354029832831161,0.011649503811263041
unsw,2,Worms,ct_flw_http_mthd,Additional,0.4139584300785579,0.34315969612957403,0.38000915064053103,0.0800822078022975
unsw,2,Worms,is_ftp_login,Additional,0.0009061916726667815,0.0008067614435276482,0.0007713233800049321,6.108020238984451e-05
unsw,2,Worms,ct_ftp_cmd,Additional,0.011328092310577631,0.011328092310577631,0.00843538879416883,5.4858333628131234e-05
unsw,2,Worms,ct_srv_src,Additional,0.1597333929543807,0.1473021520174701,0.14694854388521475,0.11646636764099555
unsw,2,Worms,ct_srv_dst,Additional,0.2616017074747519,0.251560383730314,0.23093039965765041,0.08564983017316662
unsw,2,Worms,ct_dst_ltm,Additional,0.08424324339086359,-0.07715563529001718,0.07603603401433,0.020553666129068345
unsw,2,Worms,ct_src_ltm,Additional,0.03367400413315574,0.009023143671749329,0.03495439274278893,0.06051533807592271
unsw,2,Worms,ct_src_dport_ltm,Additional,0.02253079219901172,0.00543432658675804,0.02791412064107135,0.019085444051415837
unsw,2,Worms,ct_dst_sport_ltm,Additional,0.08730890827295794,0.07457568569489839,0.07599608577914875,0.004084843207750633
unsw,2,Worms,ct_dst_src_ltm,Additional,0.30136644249697303,0.3008625674781136,0.2980809626169503,0.09640898449155927
unsw,3,Analysis,proto,Basic,0.3018664261698723,0.3018664261698723,0.3231347446143627,1.1542915353598076
unsw,3,Analysis,service,Basic,0.15810799796134234,0.11168766934424638,0.14500073347240686,0.15764850461762397
unsw,3,Analysis,state,Basic,0.17372761429287492,0.14259428263641893,0.17794342037290334,0.0022848865976702647
unsw,3,Analysis,dur,Basic,0.007704702421324328,0.002136524134548381,0.0088661335373763,0.044083313139890376
unsw,3,Analysis,spkts,Basic,0.024736723769456147,-0.019817254561930894,0.025984596600756048,0.005082393886760655
unsw,3,Analysis,dpkts,Basic,0.009794346336857416,-0.005358519700239412,0.012968784164404496,0.00820508194091963
unsw,3,Analysis,sbytes,Basic,0.07616278407629579,0.06910036107059568,0.07249242535093799,0.2756567200536374
unsw,3,Analysis,dbytes,Basic,0.07453772326465696,0.03637653036508709,0.08185715229250491,0.0644956336059331
unsw,3,Analysis,rate,Basic,0.02461720633727964,-0.0026248703111195937,0.0251071488764137,0.01619947835732819
unsw,3,Analysis,sttl,Basic,0.1608223895728588,0.1608223895728588,0.16177912034094333,0.07832152351504192
unsw,3,Analysis,dttl,Basic,0.017070772484876217,-0.00038034000899642704,0.017711807534797116,0.008185819275086033
unsw,3,Analysis,sload,Basic,0.040424072581809016,0.015078605620656162,0.040531735910335556,0.025562144845496747
unsw,3,Analysis,dload,Basic,0.007637064252048731,-0.0003562180371955037,0.008847815374610945,0.002841062240928295
unsw,3,Analysis,sloss,Basic,0.060408387593925,0.04971407037228346,0.06490058712661266,0.008781655885133662
unsw,3,Analysis,dloss,Basic,0.05510202646255493,0.03361876741051674,0.05909092966467142,0.009005247765711828
unsw,3,Analysis,swin,Content,0.1503193871676922,0.13449501231312752,0.14481960874050856,0.0036667983219158475
unsw,3,Analysis,dwin,Content,0.035856771720573305,0.034501167545095086,0.03333674253895879,0.00012890736042754736
unsw,3,Analysis,stcpb,Content,0.02070158279268071,0.017920718875247984,0.017811022957321256,0.026410950091129055
unsw,3,Analysis,dtcpb,Content,0.05635300370398909,0.05339232456404716,0.055006600846536455,0.004716122852274565
unsw,3,Analysis,smean,Content,0.787763989418745,0.787763989418745,0.786452485024929,0.1460489881357644
unsw,3,Analysis,dmean,Content,0.08311372800730168,-0.04385408037342131,0.08756689820438623,0.034138419464783507
unsw,3,Analysis,trans_depth,Content,0.03336504649952985,0.030418134002247826,0.030069908127188683,0.013656265512225218
unsw,3,Analysis,response_body_len,Content,0.013097515143454076,-0.013097515143454076,0.01572227956727147,0.07363590365171693
unsw,3,Analysis,sjit,Time,0.024033844573423266,-0.012056491626426578,0.027946436787024142,0.013603413355565863
unsw,3,Analysis,djit,Time,0.04390444188378751,0.03311811978928745,0.04235407929867506,0.0034798910998724755
unsw,3,Analysis,sinpkt,Time,0.08127744878642261,0.07131655874662102,0.08229621310718357,0.02384709503135672
unsw,3,Analysis,dinpkt,Time,0.06770360069349408,0.06035519039258361,0.06761847274843603,0.006918515650228072
unsw,3,Analysis,tcprtt,Time,0.018250084281899035,0.012156610232777894,0.014429117433028295,0.017705172989897617
unsw,3,Analysis,synack,Time,0.09542280226945878,0.07773195564746857,0.08904226362705231,0.06288411768410154
unsw,3,Analysis,ackdat,Time,0.013207271622959524,0.006702236449345946,0.01190029424848035,0.0272873572722292
unsw,3,Analysis,is_sm_ips_ports,Additional,0.012582854758948088,0.012308084475807845,0.01317357354797423,0.0005474121068582459
unsw,3,Analysis,ct_state_ttl,Additional,0.4079498228430748,0.34709533125162123,0.4445900905132294,0.02028226634863495
unsw,3,Analysis,ct_flw_http_mthd,Additional,0.03248695198679343,-0.025481790115591138,0.028933870957698674,0.006093100750062148
unsw,3,Analysis,is_ftp_login,Additional,0.0012375678301759763,-0.0008625204255076823,0.0012408107575174654,3.3205572276074244e-05
unsw,3,Analysis,ct_ftp_cmd,Additional,0.002543142403810634,-0.0024401852017763306,0.0023851616410684074,9.06094028209737e-06
unsw,3,Analysis,ct_srv_src,Additional,0.09862838500645012,-0.03871187602635473,0.09918048303341492,0.12822004458845188
unsw,3,Analysis,ct_srv_dst,Additional,0.124186154268682,0.0661099400371313,0.1258388070203364,0.10035576128339742
unsw,3,Analysis,ct_dst_ltm,Additional,0.08231805274263024,-0.016764236763119698,0.08634335649199784,0.027463459449209054
unsw,3,Analysis,ct_src_ltm,Additional,0.16288692675996572,0.15374117713421584,0.16554450462106615,0.10534291911107355
unsw,3,Analysis,ct_src_dport_ltm,Additional,0.06116647829301655,0.014896090850234031,0.06544485378311947,0.13339981510023788
unsw,3,Analysis,ct_dst_sport_ltm,Additional,0.15660137199098245,0.10538699645781889,0.17123444977682084,0.026962751179951713
unsw,3,Analysis,ct_dst_src_ltm,Additional,0.1887883151508868,0.1486819381825626,0.18768316025845708,0.15696673740679404
unsw,3,Backdoor,proto,Basic,0.41254888200666756,0.41248414731118827,0.4090562333166599,1.0489892959780986
unsw,3,Backdoor,service,Basic,0.08071295303758234,0.055474838404916224,0.08290711548179389,0.20746857744641597
unsw,3,Backdoor,state,Basic,0.2874404890369624,0.26914175738580526,0.29900536268949507,0.007507202417826193
unsw,3,Backdoor,dur,Basic,0.01721992912120186,0.005953530378174037,0.017781514923553912,0.045822896332659194
unsw,3,Backdoor,spkts,Basic,0.027819409007206558,-0.004152604630216956,0.02897535519907251,0.013701869670808262
unsw,3,Backdoor,dpkts,Basic,0.02334975356119685,0.014752689461456612,0.024038868273783008,0.008895878109360638
unsw,3,Backdoor,sbytes,Basic,0.18162371299229563,0.178162996834144,0.1813298212410882,0.35970922588882964
unsw,3,Backdoor,dbytes,Basic,0.06860078583704307,0.06092194090830162,0.06721607533283531,0.02147656437767
unsw,3,Backdoor,rate,Basic,0.02539259857032448,-0.010074289967305958,0.02538873818819411,0.0169059365445355
unsw,3,Backdoor,sttl,Basic,0.17213598277419806,0.16005834478884937,0.17044907703995704,0.08229853680054655
unsw,3,Backdoor,dttl,Basic,0.03555914437863976,0.03533691896591336,0.03757150250021368,0.0321104129633959
unsw,3,Backdoor,sload,Basic,0.04077429001335986,0.024102528010262178,0.041119508442934605,0.0888005079169325
unsw,3,Backdoor,dload,Basic,0.016899016305396797,-0.001344166311027948,0.0157981358357938,0.011400462789271844
unsw,3,Backdoor,sloss,Basic,0.08704291753470898,0.07920200519263744,0.08345305463299155,0.04323036730595779
unsw,3,Backdoor,dloss,Basic,0.09634263530373573,0.08879107639193534,0.09866661050356924,0.01668329071652261
unsw,3,Backdoor,swin,Content,0.172335873991251,0.15870222970843315,0.16689568490721285,0.003557639821430713
unsw,3,Backdoor,dwin,Content,0.10901749022305011,0.10376988545060158,0.10609110523015261,0.00013643125526141393
unsw,3,Backdoor,stcpb,Content,0.03029279587091878,0.02639451642287895,0.031754756381269546,0.011396201824478345
unsw,3,Backdoor,dtcpb,Content,0.03908072596415877,0.031813752744346856,0.040560110628139225,0.02069271168218256
unsw,3,Backdoor,smean,Content,0.6431373769976199,0.633696299251169,0.6270923368632794,0.16239879767643287
unsw,3,Backdoor,dmean,Content,0.1258521998859942,0.09838143568485976,0.1296304779406637,0.08922384850651724
unsw,3,Backdoor,trans_depth,Content,0.026414144069422038,-0.009436933218967169,0.026471379776485265,0.010776136259049962
unsw,3,Backdoor,response_body_len,Content,0.01586724119959399,0.005918500672560185,0.01618199431337416,0.02774888708506478
unsw,3,Backdoor,sjit,Time,0.07620882840827108,-0.013226331193000079,0.07100781931541861,0.004097447953412484
unsw,3,Backdoor,djit,Time,0.0878673030808568,0.07491763312369586,0.09005441747605801,0.014201259769564777
unsw,3,Backdoor,sinpkt,Time,0.0587122340593487,0.050594910858199,0.06867291435133666,0.042821128422961936
unsw,3,Backdoor,dinpkt,Time,0.09602711737155914,0.0947520886361599,0.09091354773379862,0.008621874080628915
unsw,3,Backdoor,tcprtt,Time,0.02274931407533586,0.02230951436795294,0.027371696634218096,0.017422003789206428
unsw,3,Backdoor,synack,Time,0.07522644702345133,0.07380146194249392,0.07564672632142902,0.08139149049533442
unsw,3,Backdoor,ackdat,Time,0.0799950437899679,0.07279632949270308,0.08497528879903257,0.01862524371630571
unsw,3,Backdoor,is_sm_ips_ports,Additional,0.009411757151247003,0.009397175347548909,0.010398027290357277,0.0005980995687350515
unsw,3,Backdoor,ct_state_ttl,Additional,0.42055161236785354,0.407642406700179,0.42054102014750244,0.014925024387469425
unsw,3,Backdoor,ct_flw_http_mthd,Additional,0.04014582337811589,0.038520945962518455,0.039608726997394116,0.0018634622441513792
unsw,3,Backdoor,is_ftp_login,Additional,0.004414072587387637,0.004414072587387637,0.0044014592852909115,3.429559172673182e-05
unsw,3,Backdoor,ct_ftp_cmd,Additional,0.005068253187346272,0.004263946392457001,0.004794631425465923,1.1817637046533494e-05
unsw,3,Backdoor,ct_srv_src,Additional,0.11630862441146746,-0.062458708377089354,0.11726863122545182,0.09004090193426238
unsw,3,Backdoor,ct_srv_dst,Additional,0.09373113177833148,-0.0011592951335478573,0.08748662572819739,0.10868391412636262
unsw,3,Backdoor,ct_dst_ltm,Additional,0.10293088540784083,0.01399728366988711,0.10485611472046003,0.03177721748660043
unsw,3,Backdoor,ct_src_ltm,Additional,0.24499676247127355,0.23448286046274006,0.24682522592600434,0.1797742211867735
unsw,3,Backdoor,ct_src_dport_ltm,Additional,0.09119423592463136,-0.03892112873494625,0.09277291755191981,0.12540169953411529
unsw,3,Backdoor,ct_dst_sport_ltm,Additional,0.21274752723053098,0.19999823993071913,0.22374602409079672,0.03240428605698615
unsw,3,Backdoor,ct_dst_src_ltm,Additional,0.10876181358471512,0.06166528913192451,0.10474208599654958,0.13038421707844824
unsw,3,DoS,proto,Basic,0.2751507796160877,0.23460644813254475,0.2802962411637418,0.6158571592036167
unsw,3,DoS,service,Basic,0.09723352934233845,0.006761914966627956,0.10967842198908329,0.20893953710542704
unsw,3,DoS,state,Basic,0.2379390440043062,0.23648046149872243,0.2569505128264427,0.003885174669012487
unsw,3,DoS,dur,Basic,0.04589226959069492,0.030389124127395917,0.05089483310759533,0.025076718688604175
unsw,3,DoS,spkts,Basic,0.03450788689428009,0.006260334228863939,0.03578053807432298,0.04989479064170157
unsw,3,DoS,dpkts,Basic,0.051550723529653626,0.03246044294210151,0.054587136153131724,0.011679275139202215
unsw,3,DoS,sbytes,Basic,0.16167647081427275,0.15236513883806765,0.16714148880448193,0.30523189218837066
unsw,3,DoS,dbytes,Basic,0.08240608259104193,0.06381749427877366,0.08534089423716068,0.10980986831426706
unsw,3,DoS,rate,Basic,0.0373538380858372,0.011319187538174447,0.03938688755850308,0.023441180368572522
unsw,3,DoS,sttl,Basic,0.2941528478264809,0.2825893250107765,0.307326103374362,0.17076396134169772
unsw,3,DoS,dttl,Basic,0.07590459446655587,0.07499828881816939,0.08178250927827321,0.021639767951367964
unsw,3,DoS,sload,Basic,0.0424499509204179,0.01775974784977734,0.04314145011012442,0.03709703145655659
unsw,3,DoS,dload,Basic,0.03933000100543722,-0.0017441779212094843,0.04081598591059446,0.028885382385080444
unsw,3,DoS,sloss,Basic,0.10967729066498577,0.06303066686727106,0.11547451668884605,0.06173139947334131
unsw,3,DoS,dloss,Basic,0.06739593123551459,0.05225391680840403,0.06996040319441818,0.023062492020268107
unsw,3,DoS,swin,Content,0.15809311090619305,0.12898767259786836,0.16415005234302954,0.003080456275871255
unsw,3,DoS,dwin,Content,0.06495426403824239,0.058143986626528206,0.06360270553268492,0.0001334832750435453
unsw,3,DoS,stcpb,Content,0.043689552255673336,0.029151903631864116,0.04290200760704465,0.02081678719106276
unsw,3,DoS,dtcpb,Content,0.06156291890423745,0.043577315448783335,0.0625610333867371,0.01643260851688683
unsw,3,DoS,smean,Content,0.5377058558817953,0.5285456507932395,0.5503503827145323,0.2515402156666387
unsw,3,DoS,dmean,Content,0.187175246886909,0.06406472478061914,0.18248905634507537,0.07996576085941343
unsw,3,DoS,trans_depth,Content,0.06158608578843996,0.053852456829044965,0.06480128729017451,0.015806300297997945
unsw,3,DoS,response_body_len,Content,0.053090864508994855,0.04350364001875277,0.0541590929008089,0.03772916912580695
unsw,3,DoS,sjit,Time,0.1084116926882416,-0.001467480519786477,0.10939290540292859,0.01600229646071238
unsw,3,DoS,djit,Time,0.06413078803103417,0.035849003256298605,0.06737183215213008,0.026271425034428825
unsw,3,DoS,sinpkt,Time,0.048783406510483476,0.04223784358939156,0.05211736052064225,0.01866214691610003
unsw,3,DoS,dinpkt,Time,0.087290616100654,0.06626003250479698,0.0905141008971259,0.008676166152898079
unsw,3,DoS,tcprtt,Time,0.06361824908293784,0.039414847558364274,0.06283906931057573,0.01713335554675359
unsw,3,DoS,synack,Time,0.10351761184632778,0.0785802348330617,0.10264154592528939,0.09534802967202262
unsw,3,DoS,ackdat,Time,0.0951582733541727,0.07211141064763069,0.09225609537214041,0.012727579274647727
unsw,3,DoS,is_sm_ips_ports,Additional,0.0037909684791520705,0.002019436423579464,0.00401032007415779,0.0011064773051039087
unsw,3,DoS,ct_state_ttl,Additional,0.22647235479205846,0.22387818474322557,0.23980650899931788,0.01577497443966422
unsw,3,DoS,ct_flw_http_mthd,Additional,0.05006916159938555,0.04532869205635506,0.05388744891097304,0.006440524763836946
unsw,3,DoS,is_ftp_login,Additional,0.0012399968764657387,0.0009228076137515018,0.001361546082480345,6.788983041587925e-05
unsw,3,DoS,ct_ftp_cmd,Additional,0.0027972943773784207,0.002589619000937091,0.0027912257876596415,3.508259616228315e-05
unsw,3,DoS,ct_srv_src,Additional,0.10319302116520702,0.034561964636668566,0.09978085251059383,0.08712082163744345
unsw,3,DoS,ct_srv_dst,Additional,0.09762310275109484,0.07247861393960192,0.09009616535389796,0.2109088669614867
unsw,3,DoS,ct_dst_ltm,Additional,0.09017367621185259,-0.04504688364686445,0.09270978974876926,0.027651991304999676
unsw,3,DoS,ct_src_ltm,Additional,0.17141142401262185,-0.13081582411075943,0.17735694830189458,0.14566378511838413
unsw,3,DoS,ct_src_dport_ltm,Additional,0.058538584462366997,-0.00580404991749674,0.061363097289577125,0.08244264291918807
unsw,3,DoS,ct_dst_sport_ltm,Additional,0.09666258873417974,0.05354961510747671,0.10053015570621937,0.04511194603220066
unsw,3,DoS,ct_dst_src_ltm,Additional,0.0869450627360493,0.06667344917543233,0.085632502194494,0.08251593752150076
unsw,3,Exploits,proto,Basic,0.17866207352257335,0.08921784708625637,0.18677768727997318,0.3771925170153408
unsw,3,Exploits,service,Basic,0.18321380224544556,0.15308409105986356,0.19038711823755874,0.40720355522056356
unsw,3,Exploits,state,Basic,0.22128048960119487,0.21682005103677512,0.23861757718026638,0.005420460883216493
unsw,3,Exploits,dur,Basic,0.03247775933006778,0.01689590758411214,0.03465211274335161,0.036698837421798094
unsw,3,Exploits,spkts,Basic,0.06593750916654244,-0.03446920368121937,0.0713005404220894,0.038961150101427824
unsw,3,Exploits,dpkts,Basic,0.061139187151566146,-0.0008804897870868444,0.06972195299807936,0.015439775992448633
unsw,3,Exploits,sbytes,Basic,0.15102451470214873,0.11502275991719216,0.1553712177835405,0.3076794344490334
unsw,3,Exploits,dbytes,Basic,0.14432761087140533,0.06389530787302647,0.14985556512256154,0.3143593638031454
unsw,3,Exploits,rate,Basic,0.038473580064019186,0.014423784558894114,0.0399865014659008,0.04523943904042972
unsw,3,Exploits,sttl,Basic,0.42817626625299454,0.4257667997479439,0.4545103735476732,0.34800599891251466
unsw,3,Exploits,dttl,Basic,0.0960197896277532,0.09517227806150913,0.10832881902344525,0.1539912775616144
unsw,3,Exploits,sload,Basic,0.04198618063586764,-0.0026524119742680342,0.04547474015620537,0.043702061241034235
unsw,3,Exploits,dload,Basic,0.03399736163497437,0.0021923618420260026,0.03686913424928207,0.0625456077495764
unsw,3,Exploits,sloss,Basic,0.1285407905606553,0.038418722259812056,0.1325915122544393,0.10745694801763603
unsw,3,Exploits,dloss,Basic,0.1953042143303901,0.15332223218865693,0.19342726776376368,0.11382508381617663
unsw,3,Exploits,swin,Content,0.11111875609494745,0.08726273093838245,0.1157155854650773,0.0016336438207381434
unsw,3,Exploits,dwin,Content,0.13672410747501998,0.12545090549159796,0.13973961140494795,0.00016616601316491155
unsw,3,Exploits,stcpb,Content,0.05676077807554975,0.03986157824518159,0.05575175311882049,0.022106138416231266
unsw,3,Exploits,dtcpb,Content,0.0764990511815995,0.059511493099853395,0.0722312149964273,0.02037414571278987
unsw,3,Exploits,smean,Content,0.4780036800540984,0.45218851586803793,0.47160705430433153,0.2056816474947264
unsw,3,Exploits,dmean,Content,0.44334261102136224,0.38685608925763515,0.4258962635323405,0.22552377235176388
unsw,3,Exploits,trans_depth,Content,0.1511775031563593,0.13264356221246998,0.15669257662724703,0.016800730912400468
unsw,3,Exploits,response_body_len,Content,0.0739071376028005,0.021148027923190968,0.07824708607280627,0.04894533211479393
unsw,3,Exploits,sjit,Time,0.11523065615212545,0.05401378762675449,0.11809740785392933,0.012985523027113229
unsw,3,Exploits,djit,Time,0.18087914313888176,0.09980162221705541,0.1820381961716339,0.021646811551756392
unsw,3,Exploits,sinpkt,Time,0.06851607884746044,0.04817452595103532,0.06926860843785107,0.013886473346963614
unsw,3,Exploits,dinpkt,Time,0.16680667633772828,0.14903954881825485,0.1650125667685643,0.02160822106731213
unsw,3,Exploits,tcprtt,Time,0.07584492556750774,0.03419018839485943,0.0777772283134982,0.04588695254010965
unsw,3,Exploits,synack,Time,0.09874549963045866,0.08983183441217989,0.10200056231115014,0.0700016533322341
unsw,3,Exploits,ackdat,Time,0.1487092075543478,0.14256038683000952,0.15814322913065554,0.026853020924347222
unsw,3,Exploits,is_sm_ips_ports,Additional,0.004973160539921082,0.004098192673809536,0.0058103669888078,0.0006115641703800064
unsw,3,Exploits,ct_state_ttl,Additional,0.423535737991333,0.3979641431570053,0.4926798389479518,0.03333651651954097
unsw,3,Exploits,ct_flw_http_mthd,Additional,0.16041154137579725,0.1494730945606716,0.17303379540331662,0.020678462091671457
unsw,3,Exploits,is_ftp_login,Additional,0.004713554866393679,0.003018385775576462,0.003702305025799433,0.005514627302560032
unsw,3,Exploits,ct_ftp_cmd,Additional,0.014143081168222126,0.007195726196587202,0.013031919359636959,0.0018267064794101776
unsw,3,Exploits,ct_srv_src,Additional,0.13460817240178585,0.0832220060005784,0.1296702828234993,0.06519087549661343
unsw,3,Exploits,ct_srv_dst,Additional,0.14960059412289411,0.1262574633071199,0.13802164413500578,0.14133156034807326
unsw,3,Exploits,ct_dst_ltm,Additional,0.07330775260459632,-0.0259490728052333,0.07982168483315036,0.010552335489599501
unsw,3,Exploits,ct_src_ltm,Additional,0.05816906438791193,-0.01815345509094186,0.061942842236021534,0.033010375616180684
unsw,3,Exploits,ct_src_dport_ltm,Additional,0.06543320671888068,-0.050250471075996755,0.07132263702340425,0.04415412828773333
unsw,3,Exploits,ct_dst_sport_ltm,Additional,0.06313787558930926,0.01740590755478479,0.07081891877693124,0.022324799504398463
unsw,3,Exploits,ct_dst_src_ltm,Additional,0.0821327092195861,0.04942071901867166,0.09084801268531009,0.1178509137808578
unsw,3,Fuzzers,proto,Basic,0.26601669426076113,0.06059009957127273,0.29943615303374826,0.622261386730126
unsw,3,Fuzzers,service,Basic,0.3617775347083807,0.3600761761516333,0.3930198026448488,0.32720796142716424
unsw,3,Fuzzers,state,Basic,0.3630431375652552,0.20099049411714076,0.4086990277469158,0.003284510821883032
unsw,3,Fuzzers,dur,Basic,0.04698673413891811,-0.01155767381831538,0.05197907926165499,0.026836134262001002
unsw,3,Fuzzers,spkts,Basic,0.04899426549905911,-0.0042157203634269535,0.05483558743959293,0.07686105149205104
unsw,3,Fuzzers,dpkts,Basic,0.041744530850555746,0.011725538449827582,0.043351978971622886,0.010145948092329491
unsw,3,Fuzzers,sbytes,Basic,0.2524955382104963,0.18460692311637103,0.2610699998959899,0.39214234616351307
unsw,3,Fuzzers,dbytes,Basic,0.21286990680848247,0.18166705728392116,0.2256873396784067,0.21584676106274134
unsw,3,Fuzzers,rate,Basic,0.04048842902644537,-0.0005051531095523387,0.040849459159653635,0.034637011122187686
unsw,3,Fuzzers,sttl,Basic,0.3059475377947092,0.3049885756522417,0.3242861367762089,0.2528379236774509
unsw,3,Fuzzers,dttl,Basic,0.07138292971067131,0.07138292971067131,0.0791707300208509,0.01611656627802039
unsw,3,Fuzzers,sload,Basic,0.05131740185897797,0.00716338702943176,0.0555810565687716,0.02393467525958477
unsw,3,Fuzzers,dload,Basic,0.04859514075913467,-0.004136745320865884,0.050943773374892774,0.030926107675548334
unsw,3,Fuzzers,sloss,Basic,0.09099486214807256,0.06228147818008438,0.10272480087238364,0.15458625496154124
unsw,3,Fuzzers,dloss,Basic,0.13086487108841538,0.041298586819320915,0.13979343843646347,0.040183032198096054
unsw,3,Fuzzers,swin,Content,0.25293321412988007,0.18476728169247508,0.24627127449726685,0.0020491493024856026
unsw,3,Fuzzers,dwin,Content,0.13034848121926187,0.1113732254691422,0.12278318736935034,9.899204141402148e-05
unsw,3,Fuzzers,stcpb,Content,0.06353545234771446,0.05251784462947398,0.06325176458107308,0.02106234670992854
unsw,3,Fuzzers,dtcpb,Content,0.10437005603685975,0.0874609596375376,0.09712772487197072,0.015020817791781152
unsw,3,Fuzzers,smean,Content,0.4740165614336729,0.34508205281570553,0.45285146217793226,0.30224404513812625
unsw,3,Fuzzers,dmean,Content,0.5654869394749403,0.5005868195742369,0.5602586215920746,0.15169832597814456
unsw,3,Fuzzers,trans_depth,Content,0.06307639044243843,0.0597918636770919,0.06702383812516928,0.015511467252868895
unsw,3,Fuzzers,response_body_len,Content,0.02028628130967263,0.007331683205557056,0.020261325391475113,0.03179290000404944
unsw,3,Fuzzers,sjit,Time,0.14135051514953376,0.0803105497173965,0.14795823750901035,0.020377755008179524
unsw,3,Fuzzers,djit,Time,0.10899736492428928,0.07840918126050384,0.10519019337370991,0.0421640100349323
unsw,3,Fuzzers,sinpkt,Time,0.06880840991507284,0.0025187103368807585,0.06932187614031136,0.027474235423738707
unsw,3,Fuzzers,dinpkt,Time,0.1712586806435138,0.11061998746357858,0.16614392915740608,0.060462995990252226
unsw,3,Fuzzers,tcprtt,Time,0.07752528691198676,0.06398413704242557,0.08129677490331233,0.08276783419615093
unsw,3,Fuzzers,synack,Time,0.09033448090776801,0.07403559357393533,0.09077199243474751,0.3118516938512074
unsw,3,Fuzzers,ackdat,Time,0.15070106035796926,0.14588006109232082,0.16127804102143273,0.02008207766414852
unsw,3,Fuzzers,is_sm_ips_ports,Additional,0.011968434143054764,0.011345904891204555,0.013020906069286867,0.0005892523438160425
unsw,3,Fuzzers,ct_state_ttl,Additional,0.7254933904856443,0.6976530652493238,0.7226160194166005,0.022954270240637918
unsw,3,Fuzzers,ct_flw_http_mthd,Additional,0.06424002997111529,0.06348415364976973,0.0658898756862618,0.006869331040998072
unsw,3,Fuzzers,is_ftp_login,Additional,0.006109963649942074,-0.00610280273045646,0.006729388494131854,0.0001446815075819358
unsw,3,Fuzzers,ct_ftp_cmd,Additional,0.005875866727728862,-0.005608247837808449,0.006697301879466977,2.1278709675243588e-05
unsw,3,Fuzzers,ct_srv_src,Additional,0.14684993124275933,0.08837088325351942,0.15323356687789783,0.09076526264971475
unsw,3,Fuzzers,ct_srv_dst,Additional,0.15425699001178145,0.09748751012608409,0.16459047051146627,0.2383317554799724
unsw,3,Fuzzers,ct_dst_ltm,Additional,0.06841600858373567,0.0173078811657615,0.0786056639952585,0.009635612477773975
unsw,3,Fuzzers,ct_src_ltm,Additional,0.08475687237805687,-0.0033604022150393576,0.08984243329847232,0.013870601350814473
unsw,3,Fuzzers,ct_src_dport_ltm,Additional,0.367325014770031,-0.012528242766857147,0.37749266780912877,0.1615540113311127
unsw,3,Fuzzers,ct_dst_sport_ltm,Additional,0.3312794856727123,0.2094180566072464,0.3361805574782193,0.03427584301815296
unsw,3,Fuzzers,ct_dst_src_ltm,Additional,0.38924791586585344,-0.0868711284082383,0.4221215091273189,0.4680567974453443
unsw,3,Generic,proto,Basic,0.25998272947967055,0.2527703223377466,0.2523660850897431,0.83287314767309
unsw,3,Generic,service,Basic,0.9633072601258754,0.9431037954986096,0.9712549173273146,4.712798508162608
unsw,3,Generic,state,Basic,0.05586792627349496,0.0531757659651339,0.08908809144049883,0.007508877119955286
unsw,3,Generic,dur,Basic,0.03398818382062018,0.03371716042049229,0.035617114398628476,0.04583529765880665
unsw,3,Generic,spkts,Basic,0.052692953795194626,0.04988925069570541,0.0552317582257092,0.03385657348364475
unsw,3,Generic,dpkts,Basic,0.020907394653186202,0.020129602616652847,0.02432739533483982,0.00739518346526893
unsw,3,Generic,sbytes,Basic,0.3406012511998415,0.33990917190909387,0.34146128088235855,1.0845253220922315
unsw,3,Generic,dbytes,Basic,0.04492871919646859,0.042481379341334106,0.054031020626425744,0.02348102973180358
unsw,3,Generic,rate,Basic,0.014020511998096482,0.00897452593431808,0.01537966458417941,0.046239639570383594
unsw,3,Generic,sttl,Basic,0.4279858559370041,0.42342955112457276,0.4603027780354023,0.09591562011378117
unsw,3,Generic,dttl,Basic,0.04831898868083954,0.04831898868083954,0.05004428079351783,0.02282890404437422
unsw,3,Generic,sload,Basic,0.028131777645321564,0.006310740621993318,0.027887702460866422,0.043170263713007445
unsw,3,Generic,dload,Basic,0.0061301452678162605,0.0037273807602468878,0.00821110958699137,0.008675035489068252
unsw,3,Generic,sloss,Basic,0.05034324557520449,0.04963357119821012,0.05453586358577013,0.0122935980520706
unsw,3,Generic,dloss,Basic,0.040021879440173505,0.03907575405202806,0.043820969369262455,0.03055861816501418
unsw,3,Generic,swin,Content,0.28195672687143086,0.27504858318716285,0.2631951229646802,0.0036177140224863246
unsw,3,Generic,dwin,Content,0.15505230363458394,0.15393611300736665,0.1247131799440831,0.00012045142432907611
unsw,3,Generic,stcpb,Content,0.08444899583701045,0.08433956168126315,0.06999205661937595,0.01599078196292976
unsw,3,Generic,dtcpb,Content,0.13491124806925656,0.1318941527418792,0.1129196889186278,0.012625141204538524
unsw,3,Generic,smean,Content,1.1838059324026107,1.1703511661291122,1.1740953175723552,0.334798553287983
unsw,3,Generic,dmean,Content,0.2831363057345152,0.2831363057345152,0.28068307764828204,0.030556815071715374
unsw,3,Generic,trans_depth,Content,0.01863118284381926,0.01721621156670153,0.0164319078437984,0.01566087518798304
unsw,3,Generic,response_body_len,Content,0.048275537102017554,0.04820418575545773,0.05161144233308732,0.016906423362008358
unsw,3,Generic,sjit,Time,0.17896500982344152,0.16724426828324795,0.18591460429131984,0.005036682801845017
unsw,3,Generic,djit,Time,0.11787058495916426,0.11419467979110777,0.11197668586857618,0.004606759204732955
unsw,3,Generic,sinpkt,Time,0.2068987581320107,0.20198366528376938,0.21682661417871713,0.02322856440082977
unsw,3,Generic,dinpkt,Time,0.18440579026937484,0.17825840383768082,0.1654408212006092,0.005423205695406068
unsw,3,Generic,tcprtt,Time,0.07081846103537828,0.06937178045976906,0.07297331223264336,0.01588080374157289
unsw,3,Generic,synack,Time,0.06729935467243195,0.06339974001049996,0.05099840121343732,0.07728710964709169
unsw,3,Generic,ackdat,Time,0.060453563439659776,0.060453563439659776,0.053432836886495354,0.02612703639236134
unsw,3,Generic,is_sm_ips_ports,Additional,0.012977309613197575,0.00870359875698341,0.013318997343303636,0.0003978106975919217
unsw,3,Generic,ct_state_ttl,Additional,0.3431637951731682,0.07019924089312553,0.37782023949548604,0.017930699178432406
unsw,3,Generic,ct_flw_http_mthd,Additional,0.05814010162372142,0.016034671762026845,0.06332381253596395,0.005721855681098532
unsw,3,Generic,is_ftp_login,Additional,0.0027701366720430088,0.00031516943374299445,0.0035121848215931093,2.910076558418948e-05
unsw,3,Generic,ct_ftp_cmd,Additional,0.003863309714070056,-0.0014269573989440687,0.004668142557929969,1.3061420620488202e-05
unsw,3,Generic,ct_srv_src,Additional,0.21322245280025526,0.17276317621348425,0.21287933976622297,0.10272328242380176
unsw,3,Generic,ct_srv_dst,Additional,0.2690000415407121,0.16638671925291418,0.2696604379452765,0.32334210149568376
unsw,3,Generic,ct_dst_ltm,Additional,0.0699231151281856,-0.026497845391277225,0.07145785664673894,0.06127690093373532
unsw,3,Generic,ct_src_ltm,Additional,0.05958612661343068,0.008092204821296037,0.06192141889012419,0.028811516644986112
unsw,3,Generic,ct_src_dport_ltm,Additional,0.19079985478892922,0.11820754889398813,0.18604503073729575,0.17960429219708018
unsw,3,Generic,ct_dst_sport_ltm,Additional,0.5587645401060581,0.5080382904410362,0.5650870279502124,0.4798089037264291
unsw,3,Generic,ct_dst_src_ltm,Additional,0.25349375216290354,0.24160412441007792,0.2510192920314148,0.15142243656818755
unsw,3,Normal,proto,Basic,0.1812311017466709,0.17599193893838674,0.18546312694437803,0.8684273635512209
unsw,3,Normal,service,Basic,0.2636573601234704,0.2528984052687883,0.24666996910702438,0.26952402930897373
unsw,3,Normal,state,Basic,0.23219486720394344,0.22148325793910772,0.2521535105863586,0.08082919744368405
unsw,3,Normal,dur,Basic,0.03951263065682724,0.01976000466151163,0.043800518546486276,0.030932268886797832
unsw,3,Normal,spkts,Basic,0.06493368186755105,0.045991168844047935,0.06697550773737021,0.03928052146481878
unsw,3,Normal,dpkts,Basic,0.05041615384630859,0.03408072778955102,0.0509477816009894,0.02531299646083244
unsw,3,Normal,sbytes,Basic,0.22177727832342498,0.1468332336016465,0.22544386074412615,0.2802845568397316
unsw,3,Normal,dbytes,Basic,0.1192647770838812,0.07676992722321302,0.1233741557970643,0.0754561025307048
unsw,3,Normal,rate,Basic,0.04339176630252041,0.00487151640583761,0.04345221657771617,0.040794989614980307
unsw,3,Normal,sttl,Basic,0.6678770670387894,0.61302426523529,0.6568590435059741,2.06712466834241
unsw,3,Normal,dttl,Basic,0.0926817313185893,0.0639641245570965,0.08488559599965811,0.06502616863390359
unsw,3,Normal,sload,Basic,0.05814944590791129,0.01847141232690774,0.061197014189092444,0.0493061097106329
unsw,3,Normal,dload,Basic,0.03687330904358532,-0.0030260062223533167,0.039781315255677324,0.06167057137030497
unsw,3,Normal,sloss,Basic,0.11970771747175604,0.10899675658438354,0.13067769713699817,0.110176943384191
unsw,3,Normal,dloss,Basic,0.12168135076295584,0.0787502343999222,0.1392109865369275,0.03242461079689565
unsw,3,Normal,swin,Content,0.40167416020995006,0.35402618542546405,0.3946026873029769,0.023585066259563973
unsw,3,Normal,dwin,Content,0.13655206260271371,0.13443179464899002,0.12892491387436167,7.117905808263457e-05
unsw,3,Normal,stcpb,Content,0.09423156166565605,0.09033349675941281,0.0959156717802398,0.018331214116416954
unsw,3,Normal,dtcpb,Content,0.1060084518417716,0.07774437659420073,0.11463886118959636,0.017549561909028854
unsw,3,Normal,smean,Content,0.5704630192741752,0.43294703520834443,0.6294081413093955,0.28304206428880563
unsw,3,Normal,dmean,Content,0.4420087917894125,0.3432544097304344,0.46868572461418806,0.13745442451414427
unsw,3,Normal,trans_depth,Content,0.13469083439558743,0.051621380262076855,0.1531069248728454,0.04195452412042051
unsw,3,Normal,response_body_len,Content,0.05143754128017463,0.031009810453979297,0.0512918910686858,0.03962448966737066
unsw,3,Normal,sjit,Time,0.17416120652575046,0.1307536477642134,0.17368176360614598,0.01667611785881309
unsw,3,Normal,djit,Time,0.11130586076062172,0.04845151328016072,0.11775346535723656,0.018173620008663426
unsw,3,Normal,sinpkt,Time,0.15271386679960414,0.06860264860792085,0.15785883649019525,0.025899424311559418
unsw,3,Normal,dinpkt,Time,0.41011761588975787,0.35372917987406255,0.39962344027124347,0.023782786504172683
unsw,3,Normal,tcprtt,Time,0.17265159759670495,0.15175243321806192,0.17539095976622776,0.028372403555473283
unsw,3,Normal,synack,Time,0.44634040391538293,0.4016779977595434,0.3908030872582458,0.12143303257615663
unsw,3,Normal,ackdat,Time,0.24920958696398884,0.17213730936404317,0.2540394482575357,0.04444054677992609
unsw,3,Normal,is_sm_ips_ports,Additional,0.03700823819247489,0.030541413436703805,0.034704164822178425,0.005627692787380511
unsw,3,Normal,ct_state_ttl,Additional,1.1910868397355079,1.1874095737934112,1.2806879357248544,0.4633111107864935
unsw,3,Normal,ct_flw_http_mthd,Additional,0.05849983419990167,0.054636834466364234,0.07599197846953758,0.01649562149826306
unsw,3,Normal,is_ftp_login,Additional,0.00966524284434854,0.005194093779864488,0.009579982429277151,0.00017864107828086158
unsw,3,Normal,ct_ftp_cmd,Additional,0.013405110618914478,0.008955382902640849,0.014748688014806248,0.00014642626600652877
unsw,3,Normal,ct_srv_src,Additional,0.12269925629720092,0.07143639198504388,0.13590196604141966,0.13841984178974232
unsw,3,Normal,ct_srv_dst,Additional,0.18408057697117328,0.13050467275083066,0.20172943780198693,0.2926439395072302
unsw,3,Normal,ct_dst_ltm,Additional,0.11220294623170048,0.03818102487828583,0.13525927371345461,0.040875134929207
unsw,3,Normal,ct_src_ltm,Additional,0.08243704545777292,0.020035821418277918,0.09367269078269601,0.013723528609676574
unsw,3,Normal,ct_src_dport_ltm,Additional,0.13499452152638697,-0.036294090769952166,0.13710147115867585,0.0769713082296148
unsw,3,Normal,ct_dst_sport_ltm,Additional,0.3389952886477113,0.3348824593797326,0.3561025666818023,0.037357523784685306
unsw,3,Normal,ct_dst_src_ltm,Additional,0.23078216334804894,0.15431341247633099,0.25071491494774817,0.3523031890897547
unsw,3,Reconnaissance,proto,Basic,0.28977465726435186,0.02049520067870617,0.3259839417017065,0.45898695484851487
unsw,3,Reconnaissance,service,Basic,0.20131206093356013,0.10167641181498766,0.199751262543723,0.19290581322672368
unsw,3,Reconnaissance,state,Basic,0.28237779514864086,0.11033816633746028,0.33969109654426577,0.0090036267553769
unsw,3,Reconnaissance,dur,Basic,0.04514942532638088,0.0002862987830303609,0.05244232354685664,0.02873883178788674
unsw,3,Reconnaissance,spkts,Basic,0.04399680723901838,0.04312504621688276,0.05055555302649736,0.008854309433298114
unsw,3,Reconnaissance,dpkts,Basic,0.11811016005929559,0.11591209393460304,0.1332117826747708,0.02589893217216742
unsw,3,Reconnaissance,sbytes,Basic,1.831102650500834,1.805125785432756,2.0192818178329617,1.9997250577601378
unsw,3,Reconnaissance,dbytes,Basic,0.08569382092682645,0.0765664973226376,0.10165958020603284,0.2054539270680543
unsw,3,Reconnaissance,rate,Basic,0.05544000380497891,0.02146153469744604,0.061890534036792816,0.028524860863602963
unsw,3,Reconnaissance,sttl,Basic,0.3341167098842561,0.32069471208378675,0.37274107825011016,0.08807659659507046
unsw,3,Reconnaissance,dttl,Basic,0.035077862190082666,0.027720081014558674,0.04031593728112057,0.037911361169218255
unsw,3,Reconnaissance,sload,Basic,0.054886904013110326,0.005489580122521147,0.06264518317533657,0.03894352046259155
unsw,3,Reconnaissance,dload,Basic,0.05529970371862873,-0.007557942601852119,0.059691926711821,0.02762224789169705
unsw,3,Reconnaissance,sloss,Basic,0.1388777397852391,0.1348312638979405,0.16338464355096222,0.06323240797493784
unsw,3,Reconnaissance,dloss,Basic,0.045964404474943876,0.007731339801102877,0.04886269773822278,0.038366348060939345
unsw,3,Reconnaissance,swin,Content,0.1703717014263384,0.1625567394751124,0.17326530393445863,0.0024573972228281488
unsw,3,Reconnaissance,dwin,Content,0.1296903521940112,0.1260936902090907,0.12518150369869546,0.001142900656246639
unsw,3,Reconnaissance,stcpb,Content,0.07394542230293155,0.03378710879012942,0.07569572940934449,0.019841183432967223
unsw,3,Reconnaissance,dtcpb,Content,0.12445483894553036,0.11520665986929089,0.12175524616613984,0.02057959310880142
unsw,3,Reconnaissance,smean,Content,2.087100963406265,2.0654782177880406,2.0559711929503828,1.1877770554515736
unsw,3,Reconnaissance,dmean,Content,0.7935403911955654,0.7883949004299938,0.8492262011021375,0.36947867047024924
unsw,3,Reconnaissance,trans_depth,Content,0.0909661782742478,0.07695561324013397,0.09696568151004613,0.012850675518588105
unsw,3,Reconnaissance,response_body_len,Content,0.061604763716459274,0.061604763716459274,0.06332253296859562,0.04189551222263252
unsw,3,Reconnaissance,sjit,Time,0.4363910008780658,0.4051151676289737,0.42954837322235107,0.13497311175469076
unsw,3,Reconnaissance,djit,Time,0.1790038850530982,0.16868592267856003,0.17596418882720172,0.019954831178634783
unsw,3,Reconnaissance,sinpkt,Time,0.14926686440128833,0.1324869842408225,0.13914072212763132,0.011229378360792902
unsw,3,Reconnaissance,dinpkt,Time,0.17212688820902258,0.15670819165650754,0.16049799616448582,0.023414487837450017
unsw,3,Reconnaissance,tcprtt,Time,0.09758580766851083,0.07093146730447188,0.09649062488926574,0.02212610921449596
unsw,3,Reconnaissance,synack,Time,0.09518756771460175,0.0817542091012001,0.07351088140159845,0.05252203603039379
unsw,3,Reconnaissance,ackdat,Time,0.19960380358621477,0.1856090453825891,0.20195930993184447,0.015064198465556728
unsw,3,Reconnaissance,is_sm_ips_ports,Additional,0.010569986139598768,0.010453806340519805,0.010881393882445991,0.0004621736613698886
unsw,3,Reconnaissance,ct_state_ttl,Additional,0.6578962502628565,0.6400132828205823,0.6260368452779949,0.01676545604506464
unsw,3,Reconnaissance,ct_flw_http_mthd,Additional,0.16844974999316037,0.161902266042307,0.1510203593526967,0.017013567488449555
unsw,3,Reconnaissance,is_ftp_login,Additional,0.0072490665325312875,0.0072490665325312875,0.008383695621741936,2.9299997737325625e-05
unsw,3,Reconnaissance,ct_ftp_cmd,Additional,0.006609868215455208,0.006609868215455208,0.00824292987876106,5.38066533233632e-05
unsw,3,Reconnaissance,ct_srv_src,Additional,0.12916394788306207,0.033688536775298414,0.13735717077739537,0.08365170501364631
unsw,3,Reconnaissance,ct_srv_dst,Additional,0.21731360274134204,0.20047965037403628,0.19854607042158023,0.20289858782067316
unsw,3,Reconnaissance,ct_dst_ltm,Additional,0.10162624968681484,-0.08271469219122082,0.08782916853670031,0.006041937222139494
unsw,3,Reconnaissance,ct_src_ltm,Additional,0.08413419094868005,-0.019062862768769263,0.08608019307255745,0.01984883096570047
unsw,3,Reconnaissance,ct_src_dport_ltm,Additional,0.1079143331060186,0.08454498531296849,0.10317982348846272,0.03426745828151617
unsw,3,Reconnaissance,ct_dst_sport_ltm,Additional,0.1171663836017251,0.10211855833418668,0.08953857136890292,0.018681146515460562
unsw,3,Reconnaissance,ct_dst_src_ltm,Additional,0.4711257328093052,0.45518436647951604,0.44636196163017305,0.4897619911372311
unsw,3,Shellcode,proto,Basic,0.50052701509092,0.4178769628936425,0.4932213654089719,0.9387923979351185
unsw,3,Shellcode,service,Basic,0.8479520142078399,0.8479520142078399,0.8908780020475388,0.4911533853247675
unsw,3,Shellcode,state,Basic,0.14131138633936643,0.12023266088217496,0.1518538953876123,0.0038086751140726845
unsw,3,Shellcode,dur,Basic,0.0782923525897786,0.03497340864967555,0.08067101238295436,0.0771358711885405
unsw,3,Shellcode,spkts,Basic,0.12580474205315112,0.12397682093083859,0.12717416346073152,0.04865063051131982
unsw,3,Shellcode,dpkts,Basic,0.04423009594436735,0.038506140536628666,0.04384892268106341,0.015116773388259395
unsw,3,Shellcode,sbytes,Basic,0.459619152629748,0.39152713724412025,0.48191101659554986,0.8638343311872307
unsw,3,Shellcode,dbytes,Basic,0.11956711489707232,0.11956711489707232,0.12186136323027313,0.14001350285192887
unsw,3,Shellcode,rate,Basic,0.08841243932489305,0.041527450829744336,0.08932428167317993,0.043047632441670446
unsw,3,Shellcode,sttl,Basic,0.2308575846767053,0.22190655883867294,0.22409279613755642,0.07069699087032498
unsw,3,Shellcode,dttl,Basic,0.07262361150234938,0.07262361150234938,0.07001319488510489,0.021570546050878874
unsw,3,Shellcode,sload,Basic,0.102467500558123,0.020958829913288356,0.1052293086447753,0.05157071743495907
unsw,3,Shellcode,dload,Basic,0.04212392958113924,0.012071706375572831,0.04061738866148516,0.06950670858645752
unsw,3,Shellcode,sloss,Basic,0.2774371171742678,0.13811205379664898,0.2682403217256069,0.018848503226807218
unsw,3,Shellcode,dloss,Basic,0.13225026477128268,0.13225026477128268,0.12530210104770959,0.05110018969588782
unsw,3,Shellcode,swin,Content,0.12424271226744167,0.10659962740843185,0.12121857271995395,0.002308063073305675
unsw,3,Shellcode,dwin,Content,0.1292982482071966,0.12356476898305119,0.1302193223591894,0.00014588452176394638
unsw,3,Shellcode,stcpb,Content,0.10577946707606316,0.05666914287954569,0.10941007100511342,0.03014293019243633
unsw,3,Shellcode,dtcpb,Content,0.1707197930291295,0.1520605292916298,0.1703704855684191,0.04343750060805542
unsw,3,Shellcode,smean,Content,0.9443717012740671,0.8893677221424877,0.9808903096430004,0.6514778032719188
unsw,3,Shellcode,dmean,Content,0.8394046598672866,0.8394046598672866,0.8317682197690011,0.4183512376964354
unsw,3,Shellcode,trans_depth,Content,0.10782868838054128,0.10780043465900235,0.10030779789201916,0.04032974383636793
unsw,3,Shellcode,response_body_len,Content,0.030752192826475948,0.02598592885537073,0.029618006027303637,0.03568893660236336
unsw,3,Shellcode,sjit,Time,0.18252980972174554,0.09173083099070936,0.17786483486182988,0.10176291743476026
unsw,3,Shellcode,djit,Time,0.17129979392513633,0.1334094681032002,0.1728653514198959,0.027539299870470137
unsw,3,Shellcode,sinpkt,Time,0.12794961585197598,0.07133657552767544,0.12031137034296989,0.0197583727526071
unsw,3,Shellcode,dinpkt,Time,0.08506309838034212,0.05924635340459645,0.07067005780292675,0.030813490818065475
unsw,3,Shellcode,tcprtt,Time,0.12947093040449545,0.05896064616041258,0.138670798195526,0.02330177411105978
unsw,3,Shellcode,synack,Time,0.10792834754334762,0.054272400194313376,0.11124744441360235,0.04142490037833706
unsw,3,Shellcode,ackdat,Time,0.15883582763373852,0.11724811956286431,0.17385613510385156,0.03697414179260523
unsw,3,Shellcode,is_sm_ips_ports,Additional,0.00785930202167947,0.007484255917952396,0.007483692785608582,0.0004947509104458731
unsw,3,Shellcode,ct_state_ttl,Additional,0.6970341799408197,0.6957664201408624,0.6748482618480921,0.0168150652655686
unsw,3,Shellcode,ct_flw_http_mthd,Additional,0.15503577426075935,0.15503577426075935,0.15656960919499396,0.0190998997458064
unsw,3,Shellcode,is_ftp_login,Additional,0.006655087540857494,0.006655087540857494,0.006987173047382385,1.9933135828068767e-05
unsw,3,Shellcode,ct_ftp_cmd,Additional,0.010045280146878213,0.010045280146878213,0.009882960305549204,3.173090025825331e-05
unsw,3,Shellcode,ct_srv_src,Additional,0.18733592295087875,-0.07955812473781407,0.1889475083630532,0.049676506777614114
unsw,3,Shellcode,ct_srv_dst,Additional,0.09859900798648596,0.040403764732182025,0.09941352803260088,0.07776135745036294
unsw,3,Shellcode,ct_dst_ltm,Additional,0.155749537544325,-0.12515024253167212,0.1580107321520336,0.057546054119848124
unsw,3,Shellcode,ct_src_ltm,Additional,0.05495506689185277,-0.016987023840192704,0.05552908368874341,0.015515519502306232
unsw,3,Shellcode,ct_src_dport_ltm,Additional,0.18806406244635582,0.18806406244635582,0.18852353513240813,0.3688487308056215
unsw,3,Shellcode,ct_dst_sport_ltm,Additional,0.25847160428762433,0.25847160428762433,0.25561017364263533,0.04209380431462705
unsw,3,Shellcode,ct_dst_src_ltm,Additional,0.5788161620870232,0.5245512538775802,0.5720368701592088,0.8257530979477452
unsw,3,Worms,proto,Basic,0.3536303805356676,-0.18954017792235722,0.3542987687343901,0.3664299404605778
unsw,3,Worms,service,Basic,0.7515697684139013,0.6082953622734005,0.6890914683992212,2.546616954509757
unsw,3,Worms,state,Basic,0.24576526147906075,0.20761579110033132,0.23884252530776642,0.017075222863398017
unsw,3,Worms,dur,Basic,0.12578411657490174,-0.03900993746620687,0.1272819950456985,0.0775496383373386
unsw,3,Worms,spkts,Basic,0.08029564188274724,0.07134688635282642,0.08612205104542557,0.028435320777961435
unsw,3,Worms,dpkts,Basic,0.13561903284227644,-0.03322588854511692,0.1413297246802937,0.012821603999922939
unsw,3,Worms,sbytes,Basic,2.0431297524747523,2.0166576130484994,2.0495476870035585,1.7606107291969233
unsw,3,Worms,dbytes,Basic,0.1269523583521897,-0.04654443331740119,0.13554946491388942,0.06087537039447027
unsw,3,Worms,rate,Basic,0.18075223760256034,-0.07903163154101507,0.18309775296471675,0.18445432945895435
unsw,3,Worms,sttl,Basic,0.4583305897699161,0.43245236829600553,0.3781841360879215,0.27456031942600173
unsw,3,Worms,dttl,Basic,0.13143713533910076,0.13143713533910076,0.10196165869605135,0.015810608219432903
unsw,3,Worms,sload,Basic,0.15990829017986966,-0.008950806212272833,0.16067255516959864,0.26921407584265
unsw,3,Worms,dload,Basic,0.12671573817814616,-0.046860196902839976,0.13099796380001036,0.057044192963506005
unsw,3,Worms,sloss,Basic,0.41078992831436073,0.41078992831436073,0.40482717303728516,0.04031529114267456
unsw,3,Worms,dloss,Basic,0.2118510444204069,0.1501753087557683,0.22468830429186876,0.027848490109880174
unsw,3,Worms,swin,Content,0.14062136295251548,-0.0660393792416223,0.13543832435441966,0.0014490376387997952
unsw,3,Worms,dwin,Content,0.06604711153671484,-0.029244089425033468,0.06657026396979662,6.843750974935989e-05
unsw,3,Worms,stcpb,Content,0.11440608292733404,-0.03566299927082251,0.11653929603794082,0.17195157340018094
unsw,3,Worms,dtcpb,Content,0.1971511890773069,0.08177802703258666,0.20471162014556202,0.10697269027238111
unsw,3,Worms,smean,Content,2.1094335453076796,2.099587617950006,2.175657226365398,0.6713183575812515
unsw,3,Worms,dmean,Content,0.707945862446319,0.6926609743386507,0.7629889764569022,0.05647972646799067
unsw,3,Worms,trans_depth,Content,0.47629372038963164,0.3630123015662486,0.5355713616379283,0.16084240081290774
unsw,3,Worms,response_body_len,Content,0.14709887141361833,0.14709887141361833,0.15163535739041187,0.045041567237124325
unsw,3,Worms,sjit,Time,0.2868228261147372,-0.06854243536310439,0.26969220662828197,0.05315933667612132
unsw,3,Worms,djit,Time,0.28580552190330555,0.22388000529132446,0.28551129006188025,0.06676794720713754
unsw,3,Worms,sinpkt,Time,0.20942244159100068,0.11255429457576777,0.20049263293516228,0.04866629373705522
unsw,3,Worms,dinpkt,Time,0.2749916315925392,-0.13835769409144466,0.2564707730198279,0.058174156504504616
unsw,3,Worms,tcprtt,Time,0.24541889082386412,-0.030384287132288922,0.23466476319696417,0.12313124950143325
unsw,3,Worms,synack,Time,0.1644432893530889,0.02839711782607165,0.16115890786221082,0.12989311471445203
unsw,3,Worms,ackdat,Time,0.21727692981419916,0.14671944587660785,0.21153699479658494,0.14770202298966312
unsw,3,Worms,is_sm_ips_ports,Additional,0.009258424085353247,0.008964639442803507,0.009684569539703343,0.0005057497254793732
unsw,3,Worms,ct_state_ttl,Additional,0.44424480733207683,0.42395134329457174,0.44511082429777493,0.01497361013379387
unsw,3,Worms,ct_flw_http_mthd,Additional,0.4121327522126111,0.29713658040220087,0.4488256841220639,0.012991270443519004
unsw,3,Worms,is_ftp_login,Additional,0.0023822558485500685,0.0016010142386552286,0.0023768292581239207,6.156457046906574e-05
unsw,3,Worms,ct_ftp_cmd,Additional,0.004873696903153111,0.004836473266715819,0.004184370980179996,6.00619464535157e-05
unsw,3,Worms,ct_srv_src,Additional,0.14237705012783408,0.13337910243056036,0.17211606626568193,0.09257354538217029
unsw,3,Worms,ct_srv_dst,Additional,0.13701510638929904,0.1295824750030244,0.1555798898281699,0.11508295591209555
unsw,3,Worms,ct_dst_ltm,Additional,0.04327214734406549,-0.04021784713735211,0.042905152124479755,0.016110385499008447
unsw,3,Worms,ct_src_ltm,Additional,0.02113442254961807,-0.006204333492364226,0.021622649894032456,0.04406216950636999
unsw,3,Worms,ct_src_dport_ltm,Additional,0.04376899297296239,0.029469164080431008,0.04614079671657898,0.01973858552056217
unsw,3,Worms,ct_dst_sport_ltm,Additional,0.05770163623806597,-0.053928487166889354,0.06947599795371802,0.01832353964628882
unsw,3,Worms,ct_dst_src_ltm,Additional,0.22864585629378614,0.21707622447336855,0.22461892096114092,0.09599572010470597
unsw,4,Analysis,proto,Basic,0.330951869529672,0.31741179977077993,0.3522521544061601,1.0014596731592897
unsw,4,Analysis,service,Basic,0.03686148963985034,-0.003244186871452257,0.03928599163191393,0.15353019972205226
unsw,4,Analysis,state,Basic,0.13290244556963443,0.1320421253144741,0.13735920831561088,0.0057962150205949
unsw,4,Analysis,dur,Basic,0.006613569322507828,0.0011121774232015014,0.0065252036671154205,0.036846731269950396
unsw,4,Analysis,spkts,Basic,0.008314547807676717,-0.0018232183845248073,0.007934452346235047,0.005845421669122969
unsw,4,Analysis,dpkts,Basic,0.013780766809359192,0.011519055450335144,0.014279574239626527,0.004236264509554531
unsw,4,Analysis,sbytes,Basic,0.3535153979808092,0.347251700386405,0.35896148018538954,0.26887946637906146
unsw,4,Analysis,dbytes,Basic,0.0674323041178286,0.06543503800407052,0.0675581363029778,0.033467439144558735
unsw,4,Analysis,rate,Basic,0.031268908674828705,-0.008429742506705225,0.032389579843729734,0.01691626910235573
unsw,4,Analysis,sttl,Basic,0.1328958410024643,0.1328958410024643,0.1361754447221756,0.07390041358044254
unsw,4,Analysis,dttl,Basic,0.10817312203347683,0.10755160741508007,0.11449517518281936,0.012813351435435832
unsw,4,Analysis,sload,Basic,0.024418045675265603,0.0009639894223073497,0.025344160345266573,0.029261617879848916
unsw,4,Analysis,dload,Basic,0.015030696899630129,0.011233464819379152,0.015087836645543575,0.0031537724100908233
unsw,4,Analysis,sloss,Basic,0.036171295270323756,0.0336094565037638,0.03552645577117801,0.003089090761757688
unsw,4,Analysis,dloss,Basic,0.03403337156865746,0.03028297042939812,0.0335377923771739,0.006433657742629293
unsw,4,Analysis,swin,Content,0.132640211135149,0.1250577177107334,0.12814124308526517,0.004047830554227402
unsw,4,Analysis,dwin,Content,0.11680136144161224,0.09669627115130425,0.11820670932531357,5.499911069637169e-05
unsw,4,Analysis,stcpb,Content,0.018957749018445613,0.015508143464103341,0.01696314528118819,0.012237067295791352
unsw,4,Analysis,dtcpb,Content,0.027602140475064516,0.023078619260340928,0.02885300782509148,0.016590303941178716
unsw,4,Analysis,smean,Content,0.7931544870510697,0.7862489619478583,0.810065927375108,0.2286506589446798
unsw,4,Analysis,dmean,Content,0.05384381882380694,0.03974610104691237,0.03888327886816114,0.0409337450069288
unsw,4,Analysis,trans_depth,Content,0.016563253954518586,-0.016563253954518586,0.01651899967575446,0.008977985660101696
unsw,4,Analysis,response_body_len,Content,0.004228905739728362,0.0025739460368640723,0.0019757939921692014,0.09664603993052147
unsw,4,Analysis,sjit,Time,0.04373603526502848,0.04336708184331656,0.03725398010807112,0.016036463059510418
unsw,4,Analysis,djit,Time,0.044211143339052794,0.028895187312737106,0.03868710283190012,0.0021567703698819967
unsw,4,Analysis,sinpkt,Time,0.07387053659185767,0.05671636110171676,0.06054350268095732,0.015878950329060906
unsw,4,Analysis,dinpkt,Time,0.06734293330460787,0.06184663485735655,0.06446048854850232,0.012288122477788417
unsw,4,Analysis,tcprtt,Time,0.06513115707784892,0.05626940105110407,0.062443394884467124,0.0121416256671364
unsw,4,Analysis,synack,Time,0.08446235144510865,0.07277010662481188,0.07512213692069053,0.07218200439261273
unsw,4,Analysis,ackdat,Time,0.017515740543603896,-0.014378085085190832,0.017889651871519162,0.02283919959167724
unsw,4,Analysis,is_sm_ips_ports,Additional,0.008501604088814929,0.007948832294205203,0.008574486056459137,0.0002860186158068245
unsw,4,Analysis,ct_state_ttl,Additional,0.36028378661721944,0.3180117565020919,0.3668359135463834,0.009910912035780716
unsw,4,Analysis,ct_flw_http_mthd,Additional,0.026153025224339217,-0.018968859661836177,0.025429416347760705,0.005965056753935641
unsw,4,Analysis,is_ftp_login,Additional,0.002733863239554921,-0.002344526663509896,0.002894465238714474,2.554579084903707e-05
unsw,4,Analysis,ct_ftp_cmd,Additional,0.002185685777803883,0.0003652349585900083,0.0022641900519374757,1.156987790636775e-06
unsw,4,Analysis,ct_srv_src,Additional,0.1068390694167465,-0.06458830212242901,0.11392259280895814,0.08882949719327733
unsw,4,Analysis,ct_srv_dst,Additional,0.09557055606506765,0.01746968600898981,0.086507989091333,0.11789155518544435
unsw,4,Analysis,ct_dst_ltm,Additional,0.058164776084013284,0.01608537820633501,0.05771541907452047,0.03067120064274057
unsw,4,Analysis,ct_src_ltm,Additional,0.13027580389403737,0.1070136093662586,0.1307685512379976,0.10877484370728054
unsw,4,Analysis,ct_src_dport_ltm,Additional,0.06763652010820806,-0.004600493432953954,0.06885339180473238,0.12073261210770488
unsw,4,Analysis,ct_dst_sport_ltm,Additional,0.18360121168661864,0.08431293859612196,0.18576034280471504,0.013566494580625659
unsw,4,Analysis,ct_dst_src_ltm,Additional,0.19777377329766752,0.1535269958525896,0.18899556717136876,0.1597681899444506
unsw,4,Backdoor,proto,Basic,0.43151025980710983,0.43151025980710983,0.45725124180316923,0.8683670867821206
unsw,4,Backdoor,service,Basic,0.06920073261484504,0.0017152529768645764,0.08247569391038269,0.20788306071728585
unsw,4,Backdoor,state,Basic,0.17588859736919404,0.1499476796388626,0.1831391492486,0.006684659138082227
unsw,4,Backdoor,dur,Basic,0.021304999936837703,0.004381717841606587,0.02071116986568086,0.042100714231055464
unsw,4,Backdoor,spkts,Basic,0.07737372533418238,0.010429471442475914,0.07647479645907879,0.01562105612828236
unsw,4,Backdoor,dpkts,Basic,0.02962098513264209,0.029276133333332836,0.027464132664026693,0.0060615950803567095
unsw,4,Backdoor,sbytes,Basic,0.26728954375255853,0.26727314337622377,0.29021603274159136,0.3819322097717668
unsw,4,Backdoor,dbytes,Basic,0.07250542756170035,0.06385486889630557,0.07585773190949112,0.033521413779482825
unsw,4,Backdoor,rate,Basic,0.02768834577756934,0.005950313665671274,0.027877102979109624,0.02582643673551865
unsw,4,Backdoor,sttl,Basic,0.15497758910059928,0.14865513443946837,0.15212125308811664,0.08384622202496392
unsw,4,Backdoor,dttl,Basic,0.12615605510771274,0.1252581760287285,0.12727932550013066,0.015665054416109343
unsw,4,Backdoor,sload,Basic,0.03304866090416908,-0.012973002567887306,0.033669250537641346,0.0929178275675804
unsw,4,Backdoor,dload,Basic,0.03424706744030118,-0.02513475013896823,0.03647991030011326,0.004298008598416345
unsw,4,Backdoor,sloss,Basic,0.02805697098840028,0.02805697098840028,0.027929250362794845,0.010643305536272239
unsw,4,Backdoor,dloss,Basic,0.07239126349799335,0.05972363826818764,0.07618573299609124,0.015372344738221728
unsw,4,Backdoor,swin,Content,0.19895229112822563,0.19108583208639174,0.20965247701853515,0.0061714778483074025
unsw,4,Backdoor,dwin,Content,0.10920435512438416,0.09410119256004691,0.11635234000626951,9.454097197158274e-05
unsw,4,Backdoor,stcpb,Content,0.02649083038792014,0.02129368023946881,0.026409209661651403,0.008245079691070713
unsw,4,Backdoor,dtcpb,Content,0.034947042893618344,0.02543069379404187,0.037273704670369626,0.015946454084609287
unsw,4,Backdoor,smean,Content,0.6792054130136966,0.6792054130136966,0.6918557134643197,0.2328661728291772
unsw,4,Backdoor,dmean,Content,0.1987010318459943,0.1936670535383746,0.22613279413897544,0.09066266253089998
unsw,4,Backdoor,trans_depth,Content,0.010833291824965272,0.004518595465051476,0.010683107290242333,0.016650624528356275
unsw,4,Backdoor,response_body_len,Content,0.021830280902795495,0.021451284023933113,0.023756972225382925,0.027818531322256618
unsw,4,Backdoor,sjit,Time,0.10997722752392292,-0.02210284546017647,0.1313898042216897,0.008716206267499728
unsw,4,Backdoor,djit,Time,0.042982630990445615,0.03820866659283638,0.03357124163536355,0.011812272032437248
unsw,4,Backdoor,sinpkt,Time,0.044078740240074694,0.04040190403815359,0.028308531588409097,0.05651216350098548
unsw,4,Backdoor,dinpkt,Time,0.11545808900147676,0.10650261055678129,0.11584346786141396,0.005771077360019262
unsw,4,Backdoor,tcprtt,Time,0.0747271004319191,0.07094307631254196,0.06935537163168191,0.01152509562384512
unsw,4,Backdoor,synack,Time,0.1115469567477703,0.1063614035397768,0.10314659818075597,0.07392468678648584
unsw,4,Backdoor,ackdat,Time,0.04838285750709474,0.047901469143107535,0.04978189242072403,0.018310677217374175
unsw,4,Backdoor,is_sm_ips_ports,Additional,0.009843332320742774,0.009664312018721831,0.011379775744862854,0.00029763225328861153
unsw,4,Backdoor,ct_state_ttl,Additional,0.30891672467114406,0.30878612893866375,0.30881903753615914,0.010316538294739074
unsw,4,Backdoor,ct_flw_http_mthd,Additional,0.06250379909295589,0.06236287423875183,0.06506287895143031,0.0020246905944950413
unsw,4,Backdoor,is_ftp_login,Additional,0.002141817602860101,0.00200575925216981,0.0033587447280297054,2.2657215883555183e-05
unsw,4,Backdoor,ct_ftp_cmd,Additional,0.0037794752039553713,0.003775458035051997,0.005154782959725708,1.1984397397100094e-06
unsw,4,Backdoor,ct_srv_src,Additional,0.09823878937866538,-0.03270950967911631,0.10781326553784311,0.06984599929471734
unsw,4,Backdoor,ct_srv_dst,Additional,0.11084841195726768,-0.018458371812012046,0.11041257443837821,0.047028608944165155
unsw,4,Backdoor,ct_dst_ltm,Additional,0.08496411741478369,0.029344124824274332,0.0883530560741201,0.028315197484167588
unsw,4,Backdoor,ct_src_ltm,Additional,0.26774319309042766,0.2566277447412722,0.28284628235735,0.20581875038271394
unsw,4,Backdoor,ct_src_dport_ltm,Additional,0.07288969927933067,-0.02275774348061532,0.07622382318833842,0.10135985093355883
unsw,4,Backdoor,ct_dst_sport_ltm,Additional,0.15469976450083778,0.13386625331593677,0.15580560961388984,0.025320022072077338
unsw,4,Backdoor,ct_dst_src_ltm,Additional,0.16822367634624244,0.12165183264762164,0.16018226733896881,0.11132107024807922
unsw,4,DoS,proto,Basic,0.24431878517614677,0.2153623363026418,0.2539135798998177,0.6430399517287734
unsw,4,DoS,service,Basic,0.1515982039598748,0.0016774615505710244,0.16400118460180238,0.21451281366212066
unsw,4,DoS,state,Basic,0.17083040077239275,0.14509814213961364,0.1728473124280572,0.009010912153498793
unsw,4,DoS,dur,Basic,0.030801320826867595,0.012374965506605804,0.03284501731861383,0.032116352852550344
unsw,4,DoS,spkts,Basic,0.08988803461194038,0.0332066910341382,0.09140599336009472,0.028186010774381418
unsw,4,DoS,dpkts,Basic,0.05736229242756963,0.04781685860827565,0.06241182981058955,0.005776319706264077
unsw,4,DoS,sbytes,Basic,0.3182264298759401,0.3153928423859179,0.323328381255269,0.3044611027194188
unsw,4,DoS,dbytes,Basic,0.09117895429197233,0.03521061599079985,0.09728798168711364,0.1150082265196834
unsw,4,DoS,rate,Basic,0.0372977803030517,5.597357056103647e-05,0.0408827457530424,0.016013572759773526
unsw,4,DoS,sttl,Basic,0.19431185463443398,0.18808109855279326,0.20324170688632875,0.18689805907756094
unsw,4,DoS,dttl,Basic,0.12103914638515562,0.12050609702710062,0.12927667271578686,0.01457766870158411
unsw,4,DoS,sload,Basic,0.04016287121106871,-0.0015139928413555027,0.04246509509743191,0.0298583765932417
unsw,4,DoS,dload,Basic,0.04129737841896713,-0.004013596188742668,0.04523527936427854,0.026692232892743056
unsw,4,DoS,sloss,Basic,0.06339799638371915,0.034694510833360254,0.06508575077052228,0.057444899563590314
unsw,4,DoS,dloss,Basic,0.10667224104516208,0.10408474084921181,0.10474946207134053,0.028636167551609103
unsw,4,DoS,swin,Content,0.17921805065125226,0.16321442015469073,0.18965670766076073,0.0030243508715866486
unsw,4,DoS,dwin,Content,0.09323422337183729,0.08695181945106015,0.098242919286713,0.00023611642853938974
unsw,4,DoS,stcpb,Content,0.026237223454518243,0.014037385770352557,0.027578734847484156,0.022266644867908313
unsw,4,DoS,dtcpb,Content,0.03676336909411475,0.020644326640758662,0.037617238957900555,0.014793057729519207
unsw,4,DoS,smean,Content,0.5116295806784182,0.4849596520792693,0.5215969688259066,0.1712687649255968
unsw,4,DoS,dmean,Content,0.2024286026484333,0.16539877814939247,0.18587493604049088,0.08340759065275778
unsw,4,DoS,trans_depth,Content,0.06801220689958427,0.047514188234345056,0.06515223581925966,0.017197820927127398
unsw,4,DoS,response_body_len,Content,0.07386492807418107,0.06725871178787202,0.07600007327157073,0.038119974148925394
unsw,4,DoS,sjit,Time,0.0944778246525675,0.010775097282603383,0.11483959890902043,0.021544540892633447
unsw,4,DoS,djit,Time,0.051972817685455086,0.023042387273162605,0.05600871094735339,0.023811541470662632
unsw,4,DoS,sinpkt,Time,0.04791463777422905,0.024441705187782645,0.034342277373652905,0.015559416551259347
unsw,4,DoS,dinpkt,Time,0.09921485885046423,0.05858701384626329,0.09762373830890284,0.010795999738758832
unsw,4,DoS,tcprtt,Time,0.05874861294636503,0.0427268414827995,0.05412788834306412,0.012709115037403539
unsw,4,DoS,synack,Time,0.11689270485192538,0.10196508206427098,0.11285902697127312,0.08468437529154473
unsw,4,DoS,ackdat,Time,0.09047241216991096,0.06775973082985728,0.10929038525326178,0.017850168514334658
unsw,4,DoS,is_sm_ips_ports,Additional,0.008442030923324637,0.008428274233010598,0.008860649408015888,0.0003922194598962961
unsw,4,DoS,ct_state_ttl,Additional,0.35727535859681664,0.3501491430494934,0.3894435202330351,0.012865389864673483
unsw,4,DoS,ct_flw_http_mthd,Additional,0.0460950453300029,0.03125951429829001,0.048283354315790346,0.005433184831086691
unsw,4,DoS,is_ftp_login,Additional,0.0018686634054756724,0.0012879342932137661,0.0019426984935125803,7.193648623706396e-05
unsw,4,DoS,ct_ftp_cmd,Additional,0.003664893353707157,0.003138487776159309,0.003973280252248515,7.88441550503194e-06
unsw,4,DoS,ct_srv_src,Additional,0.12707442457554863,-0.009098767417017371,0.13564689578139222,0.09168710410999487
unsw,4,DoS,ct_srv_dst,Additional,0.10729451024904847,0.07825735157355666,0.1053562956629321,0.20666430632284755
unsw,4,DoS,ct_dst_ltm,Additional,0.08061699397978372,-0.02099809898645617,0.0827043023193255,0.03425371194553737
unsw,4,DoS,ct_src_ltm,Additional,0.17748915512347593,-0.1559821231593378,0.18547602358623408,0.14596312235043296
unsw,4,DoS,ct_src_dport_ltm,Additional,0.061391708995215594,-0.038258091867901384,0.06712785015697591,0.07350413252613727
unsw,4,DoS,ct_dst_sport_ltm,Additional,0.13048157766927035,0.09442462100181728,0.133574603558518,0.029246279719918677
unsw,4,DoS,ct_dst_src_ltm,Additional,0.13568783129798248,0.07951568165095523,0.13495979219675064,0.08793609255502811
unsw,4,Exploits,proto,Basic,0.18856627719942481,0.16853356747422368,0.17808970973826946,0.33624014208739406
unsw,4,Exploits,service,Basic,0.2371896243118681,0.20850312527501955,0.2539235265832394,0.4304073252516829
unsw,4,Exploits,state,Basic,0.11063083280692808,0.09568719361792319,0.12087787735974416,0.007923807988607678
unsw,4,Exploits,dur,Basic,0.06351634805905633,-0.02098527825321071,0.06840941569185816,0.036154411811810866
unsw,4,Exploits,spkts,Basic,0.07549004711210727,-0.01200555931776762,0.08327678400790318,0.023465705025646454
unsw,4,Exploits,dpkts,Basic,0.05492165523697622,0.0227095273823943,0.06302707053837367,0.019725793462479477
unsw,4,Exploits,sbytes,Basic,0.2290260134160053,0.15539536884869448,0.2343250175844878,0.30992527533939573
unsw,4,Exploits,dbytes,Basic,0.15201292408863082,0.11017848539631814,0.15682495935994667,0.312169818400609
unsw,4,Exploits,rate,Basic,0.06162336339009926,0.02310196379898116,0.06747489451197908,0.030742411657352923
unsw,4,Exploits,sttl,Basic,0.44216495417058466,0.44062458381056785,0.4659577646665275,0.31328358046575155
unsw,4,Exploits,dttl,Basic,0.14502271262928842,0.14502271262928842,0.16383348806761205,0.17801028950721773
unsw,4,Exploits,sload,Basic,0.0493086033599684,-6.574406463187188e-05,0.05489515943801962,0.052595068928261754
unsw,4,Exploits,dload,Basic,0.06372225119266658,0.01486493760254234,0.06823416925501079,0.050170247984817236
unsw,4,Exploits,sloss,Basic,0.09465546979336067,0.05980927259894088,0.09243259040871635,0.07720048468884486
unsw,4,Exploits,dloss,Basic,0.11754436756949872,0.10204334779642522,0.11904886518837884,0.12062160700648386
unsw,4,Exploits,swin,Content,0.18236639433540403,0.17179257662035524,0.17638892496703193,0.0018126388296441289
unsw,4,Exploits,dwin,Content,0.14177597690548283,0.13832426631764974,0.14176008386479225,0.00035031225613784046
unsw,4,Exploits,stcpb,Content,0.024778577509569005,0.010386967022204771,0.026265655810711906,0.013986986385803903
unsw,4,Exploits,dtcpb,Content,0.026066091919783502,0.01562998543260619,0.028692935958970336,0.015776933807850592
unsw,4,Exploits,smean,Content,0.4538260320574045,0.3331152053922415,0.4439094189181924,0.23884875891031698
unsw,4,Exploits,dmean,Content,0.3876811757590622,0.3414982756320387,0.37807492664083836,0.25605570904869823
unsw,4,Exploits,trans_depth,Content,0.17853473815950566,0.15216765725170261,0.1704081655072514,0.023709667007879034
unsw,4,Exploits,response_body_len,Content,0.08457930806092918,0.033983889343217014,0.09544578025117517,0.05081470689462731
unsw,4,Exploits,sjit,Time,0.1457216106588021,0.09306243376340717,0.1556967724626884,0.012094768603807102
unsw,4,Exploits,djit,Time,0.18621576994424685,0.10963820655597374,0.20032749276491812,0.02357713714671263
unsw,4,Exploits,sinpkt,Time,0.08247292080428452,0.0362963263085112,0.08599197600036859,0.011473090552295619
unsw,4,Exploits,dinpkt,Time,0.15366557273548095,0.14280703632626682,0.1586456297338009,0.02277089380286271
unsw,4,Exploits,tcprtt,Time,0.0781451782991644,0.05143363078706898,0.08114293182268739,0.03954750139085446
unsw,4,Exploits,synack,Time,0.138211156623438,0.10416299478150905,0.13688744293525815,0.07874860998491207
unsw,4,Exploits,ackdat,Time,0.2102384271787014,0.19765401409589686,0.23477224096772262,0.020691872165096353
unsw,4,Exploits,is_sm_ips_ports,Additional,0.006531611223617801,0.0064394512904982545,0.007099720283586066,0.0005809480223942959
unsw,4,Exploits,ct_state_ttl,Additional,0.5868331548571587,0.5729586359113454,0.6069211402442306,0.026678160803100582
unsw,4,Exploits,ct_flw_http_mthd,Additional,0.14258995673561004,0.13270749909279403,0.14715282591525466,0.020281881159133267
unsw,4,Exploits,is_ftp_login,Additional,0.008704600678538555,0.005502732081731665,0.005881985328305746,0.005979540261451571
unsw,4,Exploits,ct_ftp_cmd,Additional,0.003385217109680525,0.0027214536243263866,0.004419209603656782,1.8912908705715395e-05
unsw,4,Exploits,ct_srv_src,Additional,0.15205805880017578,0.07357945856638252,0.155416326681152,0.061274701278918674
unsw,4,Exploits,ct_srv_dst,Additional,0.16094571945257485,0.12963802714832126,0.16571782930754125,0.1282410456160141
unsw,4,Exploits,ct_dst_ltm,Additional,0.07767148011829704,-0.01351810677908361,0.07341044177534059,0.006878994302067441
unsw,4,Exploits,ct_src_ltm,Additional,0.07134965120116249,-0.033211676811333746,0.07240314817754552,0.031237590752127297
unsw,4,Exploits,ct_src_dport_ltm,Additional,0.053145580355776476,-0.0430726237653289,0.05736819110112265,0.042059637673508406
unsw,4,Exploits,ct_dst_sport_ltm,Additional,0.07382324639591388,0.034752767205936834,0.07951776620815508,0.013424241752603847
unsw,4,Exploits,ct_dst_src_ltm,Additional,0.10484641373041086,0.038788024660898375,0.11321472144220024,0.12149611980433112
unsw,4,Fuzzers,proto,Basic,0.41322071172297004,0.025962344631552697,0.4342347649205476,0.6009680914073251
unsw,4,Fuzzers,service,Basic,0.3478034177236259,0.3261336618103087,0.33724730525165797,0.33020855555008166
unsw,4,Fuzzers,state,Basic,0.28420842058956625,0.19226682476699353,0.3061495092138648,0.00541453847565208
unsw,4,Fuzzers,dur,Basic,0.06480024826247245,-0.0022475695377215743,0.06870811146101914,0.03518603972808341
unsw,4,Fuzzers,spkts,Basic,0.09545335296541452,0.048625918542966245,0.10003878382500261,0.04223981637762292
unsw,4,Fuzzers,dpkts,Basic,0.049606978717492894,0.024822897688718513,0.055498601793660784,0.008037178073022006
unsw,4,Fuzzers,sbytes,Basic,0.29908151262439786,0.2638843945134431,0.2925739882513881,0.38198449801778767
unsw,4,Fuzzers,dbytes,Basic,0.24027722331578844,0.20289249719236976,0.24304159706516656,0.21084145055426057
unsw,4,Fuzzers,rate,Basic,0.04891168884758372,0.009480881981435232,0.053504529990023,0.025870456713097137
unsw,4,Fuzzers,sttl,Basic,0.23507229370996355,0.2317037424258888,0.26166065167635677,0.25451081004861054
unsw,4,Fuzzers,dttl,Basic,0.21219328964129092,0.21024616042152047,0.22737600559368729,0.020587887857119312
unsw,4,Fuzzers,sload,Basic,0.0443747697660001,-0.0030133101547835397,0.04640574538905639,0.03769974474402262
unsw,4,Fuzzers,dload,Basic,0.07783958893269301,-0.01845066074281931,0.08243423647712916,0.041767519658100376
unsw,4,Fuzzers,sloss,Basic,0.10891923460992985,0.0871570524130948,0.10862464043544605,0.14782169911760137
unsw,4,Fuzzers,dloss,Basic,0.0967337635718286,0.05743976315483451,0.09966610958450474,0.041881170980668694
unsw,4,Fuzzers,swin,Content,0.2180447299638763,0.19285343532916158,0.19922635736409575,0.004789676567699645
unsw,4,Fuzzers,dwin,Content,0.06956523571512661,0.05640201729140244,0.06827383096795529,0.0002741836539935319
unsw,4,Fuzzers,stcpb,Content,0.02943057013908401,0.016977390518877655,0.03084946872841101,0.015964347757522784
unsw,4,Fuzzers,dtcpb,Content,0.02681116126244888,0.010560076775727794,0.0291327619709773,0.012054386732374038
unsw,4,Fuzzers,smean,Content,0.563065069206059,0.4681068239733577,0.5983684778958559,0.3128571254428244
unsw,4,Fuzzers,dmean,Content,0.7776255871169269,0.7776255871169269,0.7745824780128896,0.1779493834145142
unsw,4,Fuzzers,trans_depth,Content,0.0795025123655796,0.06843323029577732,0.09021999910473824,0.01594562615393079
unsw,4,Fuzzers,response_body_len,Content,0.028213529750937594,0.027712068929104133,0.03288343101041392,0.03589787286372848
unsw,4,Fuzzers,sjit,Time,0.14441506685456262,0.0780301258363761,0.14886578400619327,0.019682309198719848
unsw,4,Fuzzers,djit,Time,0.15476359109394253,0.12461993533186615,0.16501348305959254,0.027852454307336308
unsw,4,Fuzzers,sinpkt,Time,0.13076464924262837,0.10146064584841952,0.1353567299002316,0.025638312418031998
unsw,4,Fuzzers,dinpkt,Time,0.13443024761974812,0.10283981727436185,0.14593781031668185,0.025477749474869613
unsw,4,Fuzzers,tcprtt,Time,0.11376569936866872,0.09833222788409329,0.11381920513696969,0.07728686871108587
unsw,4,Fuzzers,synack,Time,0.16273613723926247,0.1110357762221247,0.1578022980154492,0.36976146426681955
unsw,4,Fuzzers,ackdat,Time,0.13440485567785798,0.09089549195952713,0.13389198229648172,0.016557272902296978
unsw,4,Fuzzers,is_sm_ips_ports,Additional,0.011023333551711402,0.009502720997552387,0.011986406063952017,0.0003047342438585476
unsw,4,Fuzzers,ct_state_ttl,Additional,0.7794513544999063,0.7702876757644117,0.8546998522197827,0.019569363874048572
unsw,4,Fuzzers,ct_flw_http_mthd,Additional,0.06170344574260525,0.05611852810368873,0.07171797162038274,0.005254586589655445
unsw,4,Fuzzers,is_ftp_login,Additional,0.008275351992342622,-0.008275351992342622,0.00874541326193139,8.613534795631493e-05
unsw,4,Fuzzers,ct_ftp_cmd,Additional,0.005735401585698127,-0.005692216351162642,0.006121981362521183,5.3836747986224575e-06
unsw,4,Fuzzers,ct_srv_src,Additional,0.2082053128257394,0.11541930031031371,0.21857814415590837,0.08978628336262769
unsw,4,Fuzzers,ct_srv_dst,Additional,0.20215943664312364,0.12002985280007124,0.21879616937600077,0.27165817472799975
unsw,4,Fuzzers,ct_dst_ltm,Additional,0.08503243081271648,-0.016419421546161175,0.08840320959920063,0.01636892424141842
unsw,4,Fuzzers,ct_src_ltm,Additional,0.09651938167400659,-0.009503228599205613,0.10374217986129225,0.009911293073528208
unsw,4,Fuzzers,ct_src_dport_ltm,Additional,0.2899816700071096,0.034442893490195275,0.3100771725922823,0.155112157475281
unsw,4,Fuzzers,ct_dst_sport_ltm,Additional,0.35030318750068545,0.25603222591802477,0.3439144339063205,0.023163548647979045
unsw,4,Fuzzers,ct_dst_src_ltm,Additional,0.37106980103068055,-0.048541237069293856,0.41378444865345954,0.42789664576854547
unsw,4,Generic,proto,Basic,0.29436722308397295,0.29436722308397295,0.3171903259307146,0.798060183036607
unsw,4,Generic,service,Basic,0.5782041105628014,0.5643769615888595,0.5282094499468803,4.205689896658527
unsw,4,Generic,state,Basic,0.01742814460070804,-0.00789280568016693,0.026125887944363057,0.004193992526372312
unsw,4,Generic,dur,Basic,0.0522493409179151,0.049827956017106774,0.05339478705078363,0.03135384783043629
unsw,4,Generic,spkts,Basic,0.03271064119413495,0.032050740141421556,0.03887758683413267,0.029096998810280637
unsw,4,Generic,dpkts,Basic,0.003988139238208533,0.0020668697415385396,0.00817078204243444,0.006698302593282274
unsw,4,Generic,sbytes,Basic,0.5530096410214901,0.5496645663678646,0.5877613012492656,1.1403855574952906
unsw,4,Generic,dbytes,Basic,0.07244993187487125,0.07072747193276882,0.08872648939490319,0.014614868086064235
unsw,4,Generic,rate,Basic,0.04307262865360826,0.014007629281841218,0.043946063912007956,0.019401152965110666
unsw,4,Generic,sttl,Basic,0.15132443249225616,0.14086013197898864,0.14940597541630268,0.11157752013066785
unsw,4,Generic,dttl,Basic,0.1682837156765163,0.1682837156765163,0.18446911616250872,0.020762452084656623
unsw,4,Generic,sload,Basic,0.03400420978141483,-0.015410130606614985,0.03578016093058977,0.06021597042214852
unsw,4,Generic,dload,Basic,0.029090855699032546,0.0284013756737113,0.03393879448063672,0.0035812951220941585
unsw,4,Generic,sloss,Basic,0.0413226661644876,0.04113564157858491,0.04508122297003865,0.010810483552253572
unsw,4,Generic,dloss,Basic,0.04163588905707002,0.03824835585430265,0.039708308395929634,0.021307011386030347
unsw,4,Generic,swin,Content,0.07859706228831782,0.07806065985700116,0.09381270792335272,0.003997887831777917
unsw,4,Generic,dwin,Content,0.1259020917955786,0.12532022998668255,0.12743572100996972,3.2320781858288625e-05
unsw,4,Generic,stcpb,Content,0.006010469573084265,0.005767618345562369,0.007330749512184411,0.008177328986661445
unsw,4,Generic,dtcpb,Content,0.004502788335084915,0.004094483773224055,0.005317407496040687,0.008009424154777666
unsw,4,Generic,smean,Content,1.5058078676462174,1.4834112495183944,1.5778695996105672,0.3242230411749334
unsw,4,Generic,dmean,Content,0.18984996244311333,0.18750424042344094,0.20967257991433144,0.02478708344133339
unsw,4,Generic,trans_depth,Content,0.013866999307647348,-0.0012335191387683154,0.01684430525638163,0.016732324490847522
unsw,4,Generic,response_body_len,Content,0.02100686470977962,0.020539128435775638,0.020672965236008166,0.015225291399328846
unsw,4,Generic,sjit,Time,0.19665583528578282,0.1920927419513464,0.1879561723396182,0.004899659962306033
unsw,4,Generic,djit,Time,0.10241455268114805,0.10131250713020563,0.0916540727764368,0.005527181906509214
unsw,4,Generic,sinpkt,Time,0.20442026749253273,0.19563073471188544,0.19836747193709015,0.03866241113186696
unsw,4,Generic,dinpkt,Time,0.1134855218231678,0.11229495704174042,0.08853654943406582,0.006426526311755874
unsw,4,Generic,tcprtt,Time,0.07206104695796967,0.06944397002458573,0.06667858669534325,0.01572997821038735
unsw,4,Generic,synack,Time,0.11847853895276785,0.11599102448672056,0.11301084131002426,0.07888566479901053
unsw,4,Generic,ackdat,Time,0.025521069322712718,0.024459703587926925,0.008745148862944916,0.02094061459053774
unsw,4,Generic,is_sm_ips_ports,Additional,0.011921689785085619,0.0061462496197782455,0.011925280744908378,0.00023095195156565753
unsw,4,Generic,ct_state_ttl,Additional,0.37357627771794794,0.1704924698174,0.3911909534409642,0.010419731654334099
unsw,4,Generic,ct_flw_http_mthd,Additional,0.041617087253835054,0.024706127138342707,0.04067003612872213,0.0038787717696795883
unsw,4,Generic,is_ftp_login,Additional,0.002788969660177827,-0.0024594745194190183,0.0025302696797007227,2.953294610642844e-05
unsw,4,Generic,ct_ftp_cmd,Additional,0.004259863753104582,0.0008156727912137285,0.004580475488328375,1.681135766375517e-06
unsw,4,Generic,ct_srv_src,Additional,0.21393389879725874,0.18227692645974458,0.20699512453866192,0.13500309127412036
unsw,4,Generic,ct_srv_dst,Additional,0.27640743866097184,0.22138564656022935,0.26388315131887796,0.29649037679041806
unsw,4,Generic,ct_dst_ltm,Additional,0.1653849634574726,0.1052709204563871,0.1562495275668334,0.05127839444168783
unsw,4,Generic,ct_src_ltm,Additional,0.06907187367323786,-0.028445699871517717,0.06716129285050557,0.020566954923699084
unsw,4,Generic,ct_src_dport_ltm,Additional,0.17759077918715774,0.1492256520781666,0.17191472129896282,0.21848296220084748
unsw,4,Generic,ct_dst_sport_ltm,Additional,0.5416008760593831,0.4654933266527951,0.5246912210434675,0.34041157170358566
unsw,4,Generic,ct_dst_src_ltm,Additional,0.19822991541586815,0.13321900359354913,0.18975820818915964,0.10933633931213987
unsw,4,Normal,proto,Basic,0.30017046487890187,0.28014371324330567,0.28595632244599983,0.8039191054874101
unsw,4,Normal,service,Basic,0.24072051112540066,0.18865187193267047,0.24409910360816867,0.23973241018478433
unsw,4,Normal,state,Basic,0.37758622501045463,0.3605448744446039,0.38420151798054575,0.09496129202799607
unsw,4,Normal,dur,Basic,0.04320613613293972,0.004910026359721087,0.051576886933762583,0.03008815880207112
unsw,4,Normal,spkts,Basic,0.13279745623236522,0.1170363064459525,0.12445908727589995,0.024625341849066888
unsw,4,Normal,dpkts,Basic,0.07284273329307325,0.06263657203526236,0.07938884496805258,0.028267601601948623
unsw,4,Normal,sbytes,Basic,0.21348847205517812,0.1700955265131779,0.21370847850339486,0.30232772610883696
unsw,4,Normal,dbytes,Basic,0.17167951833922415,0.10481953658629209,0.18295537368394435,0.08761440891934763
unsw,4,Normal,rate,Basic,0.05287224654573947,0.026988261137157677,0.04973106280667707,0.029589170343166184
unsw,4,Normal,sttl,Basic,0.34770286686718466,0.31914273599162696,0.3267488136608154,2.051779820475553
unsw,4,Normal,dttl,Basic,0.3549987669521943,0.34828822494950146,0.34575903637334704,0.06417780301302173
unsw,4,Normal,sload,Basic,0.04397635683882981,0.004676053025759757,0.0448812762950547,0.05941569949458792
unsw,4,Normal,dload,Basic,0.05716080715181306,0.02870454829884693,0.06126977888052352,0.07689515516050599
unsw,4,Normal,sloss,Basic,0.09864292416488751,0.07280810105381534,0.0922484799916856,0.10265376908426699
unsw,4,Normal,dloss,Basic,0.14092672078870236,0.1112553275283426,0.1489300481043756,0.034901893690941516
unsw,4,Normal,swin,Content,0.4125932992063463,0.4038765936531126,0.449134600199759,0.027101347580151924
unsw,4,Normal,dwin,Content,0.12400242948671802,0.07581875901902095,0.13780794240999966,0.0003191808207338909
unsw,4,Normal,stcpb,Content,0.05420336460287217,0.04883012070611585,0.05888549469527789,0.01063618333892555
unsw,4,Normal,dtcpb,Content,0.03887003751355223,0.008765513115795329,0.04686403430532664,0.01938279748746572
unsw,4,Normal,smean,Content,0.7150337976962328,0.5381081609427929,0.8051810065470636,0.26339329453813837
unsw,4,Normal,dmean,Content,0.7638728435989469,0.7239140712376684,0.7551488255523146,0.11859638715429169
unsw,4,Normal,trans_depth,Content,0.11587403115816414,0.06562692861072719,0.12957088165916503,0.0456840262350961
unsw,4,Normal,response_body_len,Content,0.06468371344497427,0.050067515678238125,0.07030948150902987,0.045844008782515634
unsw,4,Normal,sjit,Time,0.16933944350108504,0.0638540524803102,0.18310799049213528,0.01488550719803607
unsw,4,Normal,djit,Time,0.17529729614965617,0.13763115369714796,0.17743437739089132,0.00959905102585617
unsw,4,Normal,sinpkt,Time,0.17430031277704983,0.13677745786029846,0.17281030951300635,0.025097867850912736
unsw,4,Normal,dinpkt,Time,0.4627603466482833,0.39137286979239433,0.47882074635941535,0.0220712696467599
unsw,4,Normal,tcprtt,Time,0.28484858039068056,0.256367539500352,0.3047916957968846,0.03188384705348654
unsw,4,Normal,synack,Time,0.4720277558080852,0.4385577774606645,0.48360846035648136,0.10578890158824654
unsw,4,Normal,ackdat,Time,0.25517054645344617,0.15596580909565091,0.25646312462165954,0.024025787439855777
unsw,4,Normal,is_sm_ips_ports,Additional,0.04180791098988266,0.03420720465204795,0.03709613561281003,0.0035993301836824685
unsw,4,Normal,ct_state_ttl,Additional,1.2188475763984024,1.21770733082667,1.24144224319607,0.35567691246974226
unsw,4,Normal,ct_flw_http_mthd,Additional,0.08713141957297921,0.08541912698186933,0.09723808811977505,0.01497354577589067
unsw,4,Normal,is_ftp_login,Additional,0.02021609286428429,0.007840601367643103,0.022595210501458497,0.00014304162898133658
unsw,4,Normal,ct_ftp_cmd,Additional,0.011915216932538896,0.00631324322661385,0.012946751881972886,4.846237548690625e-06
unsw,4,Normal,ct_srv_src,Additional,0.1298873967351392,0.06620527576189489,0.14204568669665604,0.12257746813469574
unsw,4,Normal,ct_srv_dst,Additional,0.19313064927235246,0.14785628767684103,0.21411190317943693,0.3168487104826199
unsw,4,Normal,ct_dst_ltm,Additional,0.09012981439242139,0.028148739642929285,0.10091079424833879,0.02509675134534701
unsw,4,Normal,ct_src_ltm,Additional,0.07401084757060744,-0.00683316066977568,0.08359581456519663,0.008888153397274435
unsw,4,Normal,ct_src_dport_ltm,Additional,0.08942666894872672,0.02317292631487362,0.09909625149331987,0.07146612497637399
unsw,4,Normal,ct_dst_sport_ltm,Additional,0.31931942703900856,0.31218198699178173,0.34106910434551535,0.043251527323140186
unsw,4,Normal,ct_dst_src_ltm,Additional,0.20762289890786634,0.13938886569114403,0.2283563530491665,0.324046377509425
unsw,4,Reconnaissance,proto,Basic,0.3145880278199911,0.16695941366255285,0.3770072916150093,0.37805620875972074
unsw,4,Reconnaissance,service,Basic,0.45821232691407204,-0.3468246603012085,0.5842505332827568,0.18696869599580523
unsw,4,Reconnaissance,state,Basic,0.13683797084726393,0.0047738039400428535,0.16281384869478643,0.016085752979271995
unsw,4,Reconnaissance,dur,Basic,0.06145294054178521,0.016169520926196126,0.07330364009365439,0.027811266311589873
unsw,4,Reconnaissance,spkts,Basic,0.049153022948885336,0.009651849061483517,0.06343478400376626,0.006860553932121547
unsw,4,Reconnaissance,dpkts,Basic,0.04445792552549392,0.03753892007749528,0.05342089810408652,0.014766722548719366
unsw,4,Reconnaissance,sbytes,Basic,2.5850360953621565,2.581903030220419,2.8845774444192647,1.9626368458026555
unsw,4,Reconnaissance,dbytes,Basic,0.11456065992126241,0.1096143284230493,0.14002085324376823,0.1060354134846711
unsw,4,Reconnaissance,rate,Basic,0.07790070853661746,-0.0037070867186412217,0.09084688032278791,0.025601985331468322
unsw,4,Reconnaissance,sttl,Basic,0.39224496331065895,0.3894874701276422,0.4659946816135198,0.07930081203603186
unsw,4,Reconnaissance,dttl,Basic,0.2737510214559734,0.2639812463335693,0.3437281461805105,0.021894853850260913
unsw,4,Reconnaissance,sload,Basic,0.07013071244698948,-0.009293117254273967,0.08387506777711679,0.07182670871619484
unsw,4,Reconnaissance,dload,Basic,0.03071253317873925,-0.02286423490382731,0.037270710101583976,0.021418403937641425
unsw,4,Reconnaissance,sloss,Basic,0.06133821337483823,0.055579534359276296,0.06491533908178099,0.054843157674185926
unsw,4,Reconnaissance,dloss,Basic,0.09093374346382915,-0.016806663991883398,0.1077754393266514,0.05483758431040951
unsw,4,Reconnaissance,swin,Content,0.15288807559758424,0.14414412450045347,0.154515578802675,0.0026512503848643964
unsw,4,Reconnaissance,dwin,Content,0.061887622058857235,0.04273034423822537,0.0736378957843408,0.0026242113107582555
unsw,4,Reconnaissance,stcpb,Content,0.042559454547590574,-0.019222742831916547,0.0467051806737436,0.015983686167779527
unsw,4,Reconnaissance,dtcpb,Content,0.05552575454115868,-0.0013984536938369274,0.0629972960660234,0.01188920983050048
unsw,4,Reconnaissance,smean,Content,2.2561856532655655,2.2484525077976287,2.4968756121397018,1.1659526638261744
unsw,4,Reconnaissance,dmean,Content,0.6847465246822685,0.6528059556428343,0.7756307845935225,0.4181397019418071
unsw,4,Reconnaissance,trans_depth,Content,0.12617366641992703,0.09995549088111147,0.14214238030603155,0.014974646367641986
unsw,4,Reconnaissance,response_body_len,Content,0.05765510787256062,0.05765510787256062,0.07180160579271615,0.046999730528128565
unsw,4,Reconnaissance,sjit,Time,0.4688997568562627,0.4321856356784701,0.42606826243922113,0.14308609378417889
unsw,4,Reconnaissance,djit,Time,0.385927594313398,0.3628498337510973,0.3803105061873794,0.028472255276434214
unsw,4,Reconnaissance,sinpkt,Time,0.30788427376654,0.2250998138030991,0.2782393920235336,0.006579228443712057
unsw,4,Reconnaissance,dinpkt,Time,0.3289728450775147,0.3027214950323105,0.3209316345863044,0.020969714719229163
unsw,4,Reconnaissance,tcprtt,Time,0.1145362957380712,0.02860441694036126,0.10802636098116636,0.01788337472003695
unsw,4,Reconnaissance,synack,Time,0.22861890302505344,0.17285185599233954,0.22708081407938152,0.053939142281174995
unsw,4,Reconnaissance,ackdat,Time,0.21057461924967355,0.18643404087168164,0.19570676922565325,0.011414209470713102
unsw,4,Reconnaissance,is_sm_ips_ports,Additional,0.011493247582111508,0.011159793708939105,0.013747682388348038,0.0002708836774945667
unsw,4,Reconnaissance,ct_state_ttl,Additional,1.0403514907509088,1.036744897738099,0.7237396506592632,0.009554618608581224
unsw,4,Reconnaissance,ct_flw_http_mthd,Additional,0.176001801060047,0.1679892644681968,0.14375813638675028,0.00353481521839967
unsw,4,Reconnaissance,is_ftp_login,Additional,0.010283113615587354,0.010283113615587354,0.01071983723435551,3.939166136365201e-05
unsw,4,Reconnaissance,ct_ftp_cmd,Additional,0.006597848369856365,0.006578441656311043,0.00720379047372262,2.795464290556992e-06
unsw,4,Reconnaissance,ct_srv_src,Additional,0.18512260360410437,-0.08820612983079627,0.17126098568085582,0.08706130878539989
unsw,4,Reconnaissance,ct_srv_dst,Additional,0.1825611379300244,0.16419533359119667,0.14357564250705765,0.2204239317649045
unsw,4,Reconnaissance,ct_dst_ltm,Additional,0.06619837129139342,-0.029158027867088095,0.06119114349130541,0.013379402924361778
unsw,4,Reconnaissance,ct_src_ltm,Additional,0.09750119078089484,0.023247331903548912,0.09300851647625677,0.01664106379832811
unsw,4,Reconnaissance,ct_src_dport_ltm,Additional,0.05346706474199891,-0.009827588144689798,0.055555379826109856,0.028866166154606604
unsw,4,Reconnaissance,ct_dst_sport_ltm,Additional,0.2925149199157022,0.2841063052159734,0.2246067076502368,0.010742756449850278
unsw,4,Reconnaissance,ct_dst_src_ltm,Additional,0.4388578582089394,0.4032269262056798,0.36119514124467966,0.49751427506131585
unsw,4,Shellcode,proto,Basic,0.8439144918322563,0.19665612727403642,0.8335089039802551,0.9438488342475615
unsw,4,Shellcode,service,Basic,1.295485726594925,1.295485726594925,1.334584099650383,0.5317086855931376
unsw,4,Shellcode,state,Basic,0.17597246603108943,0.121517218593508,0.17976356333121657,0.004988944976570566
unsw,4,Shellcode,dur,Basic,0.07657482125563547,0.02141878559021279,0.07914220856502652,0.05397230721154482
unsw,4,Shellcode,spkts,Basic,0.17192301444709301,0.1605354493111372,0.1740607215464115,0.05781957438631074
unsw,4,Shellcode,dpkts,Basic,0.034453051136806606,0.012599934530444444,0.03514986620750278,0.009778880569954709
unsw,4,Shellcode,sbytes,Basic,0.5971604242920876,0.5509132644534112,0.602252426892519,0.5934677122874092
unsw,4,Shellcode,dbytes,Basic,0.04375989729305729,0.03690742667531595,0.04176273609511554,0.11715059649443722
unsw,4,Shellcode,rate,Basic,0.09993857398163528,0.004984536929987371,0.10061390796210617,0.04502101167595539
unsw,4,Shellcode,sttl,Basic,0.3076208254136145,0.307247975859791,0.29852411802858114,0.08190431998812714
unsw,4,Shellcode,dttl,Basic,0.24751529731787741,0.24751529731787741,0.23532536068931223,0.02729305817374552
unsw,4,Shellcode,sload,Basic,0.13146980678662656,-0.04228126727044582,0.13350969767197968,0.0648225421255047
unsw,4,Shellcode,dload,Basic,0.0914313308079727,0.03395580117823556,0.08953720735153184,0.06288830033768317
unsw,4,Shellcode,sloss,Basic,0.08791826784610748,0.0837793494015932,0.09349226478487253,0.009077478163097112
unsw,4,Shellcode,dloss,Basic,0.17110799232497811,0.16986549703404308,0.17322542837820948,0.020402767825047703
unsw,4,Shellcode,swin,Content,0.2372610734589398,0.20425358721986414,0.2370011394796893,0.002529692319469177
unsw,4,Shellcode,dwin,Content,0.09578765225596726,0.08311149802990257,0.10500976105686277,0.0006493686094181618
unsw,4,Shellcode,stcpb,Content,0.036056597677525136,0.027007921836338936,0.03502995102433488,0.022376343477622865
unsw,4,Shellcode,dtcpb,Content,0.04391968327574432,0.007485723183490336,0.04497293737367727,0.013019299141638836
unsw,4,Shellcode,smean,Content,1.3008839380554855,1.278345783147961,1.408259025476873,0.6169959214671981
unsw,4,Shellcode,dmean,Content,1.135063872039318,1.135063872039318,1.1433633276820183,0.6285027960530569
unsw,4,Shellcode,trans_depth,Content,0.0961691250000149,0.09569789825938642,0.09328514794819057,0.027125869128674825
unsw,4,Shellcode,response_body_len,Content,0.01895821086654905,0.00617501296044793,0.018106181249022482,0.03997524780897947
unsw,4,Shellcode,sjit,Time,0.2717749474290758,0.08904420618899167,0.2753348430711776,0.05043248300033881
unsw,4,Shellcode,djit,Time,0.10228013047482819,0.07233004154171795,0.0891687758662738,0.0065539934937987685
unsw,4,Shellcode,sinpkt,Time,0.1664377242838964,0.1038849214790389,0.16135624570772053,0.029147165911439513
unsw,4,Shellcode,dinpkt,Time,0.17060300016310065,0.07356353588867932,0.2077231405954808,0.017975118111738995
unsw,4,Shellcode,tcprtt,Time,0.13290308956056834,0.06753648560494184,0.1296393090672791,0.023952289040913444
unsw,4,Shellcode,synack,Time,0.1179541460936889,0.06000644515734166,0.11103623632108793,0.04761655338526904
unsw,4,Shellcode,ackdat,Time,0.15027901048772038,0.09008476843126118,0.1609581978758797,0.032019105300132654
unsw,4,Shellcode,is_sm_ips_ports,Additional,0.008626840079668909,0.007979525101836771,0.0075866906333249065,0.00025071997886698237
unsw,4,Shellcode,ct_state_ttl,Additional,0.6147498296201229,0.609916585534811,0.5640112117677927,0.009210164967837045
unsw,4,Shellcode,ct_flw_http_mthd,Additional,0.12720521729439496,0.12720521729439496,0.12504661798477174,0.012918730184079323
unsw,4,Shellcode,is_ftp_login,Additional,0.007323418683372438,0.007323418683372438,0.007494865679182112,2.448324796341695e-05
unsw,4,Shellcode,ct_ftp_cmd,Additional,0.002193248412804678,0.0021129267557989805,0.0021192583203082905,2.124971968669342e-06
unsw,4,Shellcode,ct_srv_src,Additional,0.18710420541465284,-0.09967592099681497,0.1876541335042566,0.045884414549625906
unsw,4,Shellcode,ct_srv_dst,Additional,0.07965722280554473,0.03608612044714391,0.08262752855662256,0.07922558290926097
unsw,4,Shellcode,ct_dst_ltm,Additional,0.08386781479464844,-0.06003714188234881,0.08712227738229558,0.0403373220135618
unsw,4,Shellcode,ct_src_ltm,Additional,0.08065181200392545,0.026462159203365445,0.08123949096072465,0.013917563569813867
unsw,4,Shellcode,ct_src_dport_ltm,Additional,0.13393837124109267,0.13393837124109267,0.12972364793531596,0.37316569145938233
unsw,4,Shellcode,ct_dst_sport_ltm,Additional,0.26563017031177877,0.263867266792804,0.26333958623930814,0.01809780738367408
unsw,4,Shellcode,ct_dst_src_ltm,Additional,0.5400322516262531,0.468935648649931,0.5503754609823227,0.9440480689975667
unsw,4,Worms,proto,Basic,0.1329603636034087,0.1314146507965316,0.1242621209133755,0.3524055257956207
unsw,4,Worms,service,Basic,1.0319458326663484,0.9060520679605278,1.0138520689003847,2.280206132824374
unsw,4,Worms,state,Basic,0.1462255068842999,0.09853480550968512,0.13341060360173948,0.009529446937333638
unsw,4,Worms,dur,Basic,0.21032432447695595,-0.11902304541912269,0.1949795435013419,0.1479786513350105
unsw,4,Worms,spkts,Basic,0.09942663502244448,-0.01138316697060046,0.09611022860256278,0.01834475845457746
unsw,4,Worms,dpkts,Basic,0.18471873043613,0.15215702439573678,0.1754099742022597,0.022162571322620676
unsw,4,Worms,sbytes,Basic,1.818604368547147,1.764973377131603,1.6653808384117754,1.082637525290722
unsw,4,Worms,dbytes,Basic,0.10134392148095438,0.040231448502957144,0.09738479169424284,0.10602621719960802
unsw,4,Worms,rate,Basic,0.1235793483686972,-0.0024426308703947475,0.11902748938353563,0.1502601786144706
unsw,4,Worms,sttl,Basic,0.5269120253876529,0.5269120253876529,0.42993014633909543,0.4179944956175116
unsw,4,Worms,dttl,Basic,0.30414275803857227,0.29509168410335074,0.24310434436086903,0.01876109453716543
unsw,4,Worms,sload,Basic,0.18215277332770216,0.04220147381155667,0.1729213788639754,0.347497007125904
unsw,4,Worms,dload,Basic,0.08313253007046031,0.01705040339782665,0.07995649615556678,0.06421632061048348
unsw,4,Worms,sloss,Basic,0.1267239089991728,0.10245090578047727,0.10782254559241912,0.034916671991959455
unsw,4,Worms,dloss,Basic,0.14045198168605566,-0.04726535797288472,0.12610525771213527,0.029486338237752954
unsw,4,Worms,swin,Content,0.15307774010580033,0.1307669566965408,0.19895707460289652,0.0010014669687569205
unsw,4,Worms,dwin,Content,0.09764977120159363,0.07162393137431619,0.11310569453053176,0.0003549349989043549
unsw,4,Worms,stcpb,Content,0.10965333476831968,0.0167912682518363,0.11518810416402464,0.1306830097301579
unsw,4,Worms,dtcpb,Content,0.11272132158046588,-0.0030220760381780565,0.12167434858433394,0.10348477662662185
unsw,4,Worms,smean,Content,2.995038979094137,2.985800528052178,3.3338135060938923,0.7920770203694701
unsw,4,Worms,dmean,Content,0.739186461337588,0.739186461337588,0.788089816246859,0.04312708615312162
unsw,4,Worms,trans_depth,Content,0.1789653732610697,-0.023366321767257017,0.1813179896191948,0.28679183596053587
unsw,4,Worms,response_body_len,Content,0.3422383690485731,0.3419523774963719,0.3775248041704551,0.04405472715904828
unsw,4,Worms,sjit,Time,0.23238595009950752,0.0747703179420734,0.23125539195131173,0.04139495174171812
unsw,4,Worms,djit,Time,0.2586056584682824,-0.08025248106357387,0.2633594501848248,0.04387695893323821
unsw,4,Worms,sinpkt,Time,0.2855294508309188,0.17929442362351852,0.28582610995297064,0.04926853888980325
unsw,4,Worms,dinpkt,Time,0.20842120053500615,-0.03507466603663157,0.2121120702358894,0.28700873612582317
unsw,4,Worms,tcprtt,Time,0.18229078947016122,-0.03678596668495712,0.18455906983845952,0.0929166819315221
unsw,4,Worms,synack,Time,0.29393978196788917,0.23665218258445914,0.28139196429401636,0.13424464981435447
unsw,4,Worms,ackdat,Time,0.28751537574730307,0.07120005423943936,0.29523086712420493,0.10385965380310154
unsw,4,Worms,is_sm_ips_ports,Additional,0.008716011250560934,0.008716011250560934,0.007916551802984693,0.0003006480233869462
unsw,4,Worms,ct_state_ttl,Additional,0.4365341205742549,0.37725872694599355,0.4201660988513719,0.008152592909242558
unsw,4,Worms,ct_flw_http_mthd,Additional,0.23680739402136003,0.17646684708200733,0.26458056163127447,0.006040775990554309
unsw,4,Worms,is_ftp_login,Additional,0.0071957672268829565,0.0071957672268829565,0.006728893960826099,4.012631278452649e-05
unsw,4,Worms,ct_ftp_cmd,Additional,0.006134021328762174,0.006134021328762174,0.005741101377431981,6.934053922433039e-06
unsw,4,Worms,ct_srv_src,Additional,0.16983333029995926,0.1386687169168991,0.14562088406157933,0.0871143302737354
unsw,4,Worms,ct_srv_dst,Additional,0.21145028091797774,0.20534501135857267,0.19982819411564956,0.1360218662363133
unsw,4,Worms,ct_dst_ltm,Additional,0.04958503270013766,-0.04388283921236342,0.0552065987880765,0.04354337678437745
unsw,4,Worms,ct_src_ltm,Additional,0.02487081662084992,-0.006004590792475607,0.02588793564460833,0.03649280698469243
unsw,4,Worms,ct_src_dport_ltm,Additional,0.028698683049614458,0.0059451324420727114,0.025667082084427504,0.018768834595936243
unsw,4,Worms,ct_dst_sport_ltm,Additional,0.09408918726892973,0.08729222020007331,0.09393083727495237,0.006029924562277634
unsw,4,Worms,ct_dst_src_ltm,Additional,0.17983817351474005,0.16820876274935223,0.18924917009743777,0.06263977832621259
nsl,0,DoS,duration,Basic,0.005223147111246362,0.003454636341193691,0.008106850140902679,0.09777858948762878
nsl,0,DoS,protocol_type,Basic,0.22547659202478826,0.22547659202478826,0.23019986857194452,0.12350787674728775
nsl,0,DoS,service,Basic,0.2897697238065302,0.1763631575368345,0.2873127563297749,2.209070931956172
nsl,0,DoS,flag,Basic,1.4038078295439482,1.3851403913646936,1.4405306996405125,1.9845932803880428
nsl,0,DoS,src_bytes,Basic,0.4430354897398502,0.09146808120422065,0.48555638470686974,0.8899765011668203
nsl,0,DoS,dst_bytes,Basic,0.12867286061868072,0.12867286061868072,0.1391223894432187,0.42644779229769475
nsl,0,DoS,land,Basic,0.0,0.0,0.0,0.0019411035086177436
nsl,0,DoS,wrong_fragment,Basic,0.04872732765972614,0.013252953216433525,0.04797653558664024,0.06582477346551603
nsl,0,DoS,urgent,Basic,0.0,0.0,0.0,0.0003932293086618303
nsl,0,DoS,hot,Content,0.09415033725555987,0.09415033725555987,0.10674349531531334,0.056059009926510035
nsl,0,DoS,num_failed_logins,Content,0.0,0.0,0.0,0.0022940210494271003
nsl,0,DoS,logged_in,Content,0.7663962641730905,0.7449441994354129,0.7680301216430963,0.09076130468584596
nsl,0,DoS,num_compromised,Content,0.10304191591683776,0.08871735093649477,0.10529361152322964,0.057089924398227604
nsl,0,DoS,root_shell,Content,0.004438966509187594,0.004438966509187594,0.004559895433776546,0.005200550955953078
nsl,0,DoS,su_attempted,Content,0.0,0.0,0.0,0.0001442687745511649
nsl,0,DoS,num_root,Content,0.00035787774686468765,0.0001402118636178784,0.0018525446695275604,0.011055780652579415
nsl,0,DoS,num_file_creations,Content,0.0007480704394401982,0.0007318458188092336,0.000665798099071253,0.008783348849956383
nsl,0,DoS,num_shells,Content,0.0,0.0,0.0,0.0010464547869050876
nsl,0,DoS,num_access_files,Content,0.0,0.0,0.0,0.0061910576788213835
nsl,0,DoS,is_host_login,Content,0.0,0.0,0.0,0.0
nsl,0,DoS,is_guest_login,Content,0.004167208567960188,0.004167208567960188,0.00497449400019832,0.0011136006674496467
nsl,0,DoS,count,Time,0.825779990684241,0.7794006801955402,0.7983514156192542,1.3871096894573418
nsl,0,DoS,srv_count,Time,0.40858679194003344,0.31596134264022113,0.38842141401022673,0.6104966606637461
nsl,0,DoS,serror_rate,Time,0.25056239005178216,0.23262219313532115,0.2587848857417703,0.116469444035105
nsl,0,DoS,srv_serror_rate,Time,0.3945909313019365,0.3778795426245779,0.4066233992949128,0.07687861890649947
nsl,0,DoS,rerror_rate,Time,0.1908582045417279,0.17278621298260988,0.1719436497334391,0.022743255717679857
nsl,0,DoS,srv_rerror_rate,Time,0.3068120869481936,0.2733589336788282,0.25262428891845046,0.004180849278345703
nsl,0,DoS,same_srv_rate,Time,0.21372477998491377,0.21371262142900377,0.20470030784606932,0.3034424608483696
nsl,0,DoS,diff_srv_rate,Time,0.40717686120420693,0.4065850516036153,0.37084380792453886,0.16464173914209834
nsl,0,DoS,srv_diff_host_rate,Time,0.08462823686189949,0.06762909424491227,0.08311684941872954,0.02727895259895013
nsl,0,DoS,dst_host_count,Host,0.19266634586267173,0.13083944535814226,0.22894010916585103,0.08035386223020032
nsl,0,DoS,dst_host_srv_count,Host,0.2363577469624579,0.2224563211761415,0.25313275267370045,0.189202655477915
nsl,0,DoS,dst_host_same_srv_rate,Host,0.08566304105333984,0.04521230828016996,0.08769821367808618,0.18674788481392907
nsl,0,DoS,dst_host_diff_srv_rate,Host,0.5104437458515168,0.41302315980195997,0.5326786923035979,0.4869059065706096
nsl,0,DoS,dst_host_same_src_port_rate,Host,0.1801238047145307,0.13007178289815782,0.17657920438796282,0.4443479952262717
nsl,0,DoS,dst_host_srv_diff_host_rate,Host,0.20694046080112458,0.1722900253534317,0.22768370468169452,0.13038807140663264
nsl,0,DoS,dst_host_serror_rate,Host,0.4976796484738588,0.4181417463719845,0.5303941912343726,0.47847871635109174
nsl,0,DoS,dst_host_srv_serror_rate,Host,0.29941301234415735,0.26363230878836474,0.3047257955837995,0.2008860506115016
nsl,0,DoS,dst_host_rerror_rate,Host,0.9324708798993379,0.8779786461498589,0.9804085903521628,0.7899841202534736
nsl,0,DoS,dst_host_srv_rerror_rate,Host,0.16954589260742067,0.1672074163518846,0.16588918440043926,0.03176771372958318
nsl,0,Normal,duration,Basic,0.035185877699404955,0.01738504058215767,0.037659723665565255,0.17221727939377882
nsl,0,Normal,protocol_type,Basic,0.12568376063369213,0.10009458898566663,0.1282443186081946,0.1627524915153627
nsl,0,Normal,service,Basic,0.8619332659989596,0.847320097759366,0.9062757324054838,3.8279197112619885
nsl,0,Normal,flag,Basic,0.31571198157966135,0.30859581522643564,0.3608834770321846,0.3708229518528096
nsl,0,Normal,src_bytes,Basic,0.5623178937006742,0.5464761722367257,0.5845613795146346,1.7309739217087627
nsl,0,Normal,dst_bytes,Basic,0.2281770805688575,-0.05048062199261039,0.23627740639261902,0.4653966044099071
nsl,0,Normal,land,Basic,0.0,0.0,0.0,0.0021502294779456857
nsl,0,Normal,wrong_fragment,Basic,0.018109641461633144,0.018109641461633144,0.020492112473584713,0.02899993403232657
nsl,0,Normal,urgent,Basic,0.0,0.0,0.0,0.0005164031013991918
nsl,0,Normal,hot,Content,0.062321330830454824,0.02491607837378979,0.059931729547679426,0.2212670444872929
nsl,0,Normal,num_failed_logins,Content,0.0,0.0,0.0,0.001787548833177425
nsl,0,Normal,logged_in,Content,0.9631625512242317,0.9459688261151313,0.9966112083219923,0.1253815136551857
nsl,0,Normal,num_compromised,Content,0.008592050576116889,0.008592050576116889,0.005403672349639237,0.0571715876410308
nsl,0,Normal,root_shell,Content,0.001378064048476517,0.001378064048476517,0.00030799448373727503,0.009746230301912875
nsl,0,Normal,su_attempted,Content,0.0,0.0,0.0,0.0002477216685074382
nsl,0,Normal,num_root,Content,0.0006694389251060784,0.0005626982339890674,0.0011408149585622595,0.032618622122214225
nsl,0,Normal,num_file_creations,Content,0.0028228128305636344,0.0028228128305636344,0.00163642575731501,0.0407960504222333
nsl,0,Normal,num_shells,Content,0.0,0.0,0.0,0.0017586474783311136
nsl,0,Normal,num_access_files,Content,0.0,0.0,0.0,0.007427501075144396
nsl,0,Normal,is_host_login,Content,0.0,0.0,0.0,0.0
nsl,0,Normal,is_guest_login,Content,0.01952769177121809,0.0192669393014512,0.013458369683648925,0.005637595564592628
nsl,0,Normal,count,Time,0.3031303738616407,0.16890304924920202,0.2819453630596399,0.31412818433763445
nsl,0,Normal,srv_count,Time,0.30356446750462057,0.12543198756873608,0.2975475772842765,0.06972333743423222
nsl,0,Normal,serror_rate,Time,0.1669064864923712,0.1649135312193539,0.15688619452761488,0.029450643075528204
nsl,0,Normal,srv_serror_rate,Time,0.29413061020430176,0.2940275794127956,0.2913320447667502,0.033667721850099044
nsl,0,Normal,rerror_rate,Time,0.08285558011382818,0.08285558011382818,0.08182306105270981,0.032818000398925504
nsl,0,Normal,srv_rerror_rate,Time,0.11246508789481595,0.11246508789481595,0.1036600315826945,0.007609739947656636
nsl,0,Normal,same_srv_rate,Time,0.11518102776259184,0.11088613223284483,0.10702271159738302,0.06290497739272904
nsl,0,Normal,diff_srv_rate,Time,0.14423408466856927,0.13815200700890273,0.12056038104463368,0.06319317410371153
nsl,0,Normal,srv_diff_host_rate,Time,0.1822754540690221,0.13008855419000612,0.15668138749431818,0.024510915702470815
nsl,0,Normal,dst_host_count,Host,0.15208610153757035,0.03135495697148144,0.13798737779725342,0.1686548902383074
nsl,0,Normal,dst_host_srv_count,Host,0.5419035088270903,0.42392560221254827,0.5710397360473871,0.8820706364611395
nsl,0,Normal,dst_host_same_srv_rate,Host,0.14550514515955001,0.127249411563389,0.1584738946147263,0.2904929286758414
nsl,0,Normal,dst_host_diff_srv_rate,Host,0.08261917952913791,-0.016878169211558998,0.0870879452675581,0.2528014978878201
nsl,0,Normal,dst_host_same_src_port_rate,Host,0.180658927122131,0.14066650594584643,0.17344554358161987,0.2724235004689544
nsl,0,Normal,dst_host_srv_diff_host_rate,Host,0.2006211463920772,0.08888699905946851,0.19591312250122428,0.16547612276952703
nsl,0,Normal,dst_host_serror_rate,Host,0.15785694136284292,0.14801236973144113,0.1800985094695352,0.12179015848040581
nsl,0,Normal,dst_host_srv_serror_rate,Host,0.18141415363177657,0.17411113100126385,0.20247684754896908,0.1527174108031904
nsl,0,Normal,dst_host_rerror_rate,Host,0.22035284388810397,0.15345320630818604,0.23961802676320076,0.15740016766171908
nsl,0,Normal,dst_host_srv_rerror_rate,Host,0.06075756901875138,-0.06075756901875138,0.06640317362733185,0.0033341975108487527
nsl,0,Probe,duration,Basic,0.013392582578817383,0.012936386236688122,0.012451307185692713,0.06779970451030021
nsl,0,Probe,protocol_type,Basic,0.4422082581371069,0.33130718387663366,0.48711458295583726,0.10045854103006421
nsl,0,Probe,service,Basic,0.8341043363511562,0.8297426651418209,0.8142491610907018,2.0931113473474983
nsl,0,Probe,flag,Basic,0.9604513140767813,0.7363420673459768,0.9843737790733575,0.5643755179471336
nsl,0,Probe,src_bytes,Basic,0.9854593002796173,0.9854593002796173,1.0637491351366044,1.8064720057034866
nsl,0,Probe,dst_bytes,Basic,0.16588108774274588,0.16588108774274588,0.17594006434082984,0.44463044864265266
nsl,0,Probe,land,Basic,0.0,0.0,0.0,0.0007450427904987011
nsl,0,Probe,wrong_fragment,Basic,0.028698535403236747,0.028698535403236747,0.02891230964101851,0.027627444699057375
nsl,0,Probe,urgent,Basic,0.0,0.0,0.0,0.0006675134689430708
nsl,0,Probe,hot,Content,0.016804216410964728,0.016804216410964728,0.014785480480641126,0.042969778551137996
nsl,0,Probe,num_failed_logins,Content,0.0,0.0,0.0,0.001709409168688581
nsl,0,Probe,logged_in,Content,0.83856509745121,0.83856509745121,0.7446820425987244,0.10965266530821101
nsl,0,Probe,num_compromised,Content,0.0031912047613877805,-0.0031912047613877805,0.004648369126953184,0.01709367212292272
nsl,0,Probe,root_shell,Content,0.0028484454599674793,0.0028484454599674793,0.0024230502848513425,0.005214347513858229
nsl,0,Probe,su_attempted,Content,0.0,0.0,0.0,0.00016473976764973486
nsl,0,Probe,num_root,Content,0.0016437596193281934,-0.0016437596193281934,0.0013090864394325764,0.008206370393683757
nsl,0,Probe,num_file_creations,Content,0.0002067625169729581,0.00011180724170117173,0.00017238767504750284,0.013554304381303162
nsl,0,Probe,num_shells,Content,0.0,0.0,0.0,0.0011503863249090497
nsl,0,Probe,num_access_files,Content,0.0,0.0,0.0,0.004562572077848017
nsl,0,Probe,is_host_login,Content,0.0,0.0,0.0,0.0
nsl,0,Probe,is_guest_login,Content,0.00960531017743051,0.00960531017743051,0.010246204151771963,0.0010939957676455378
nsl,0,Probe,count,Time,0.28540651995921507,0.2511382782668807,0.2704455297254026,0.34448256286978723
nsl,0,Probe,srv_count,Time,0.3248503248859197,0.1174959818366915,0.32992742881178855,0.1450514112450183
nsl,0,Probe,serror_rate,Time,0.21872739820741116,0.21872739820741116,0.20744921838864683,0.04277834636159608
nsl,0,Probe,srv_serror_rate,Time,0.19676369356457143,0.05130687435623258,0.19639535304158925,0.012996838375955127
nsl,0,Probe,rerror_rate,Time,0.48649663452059033,0.35485104139894247,0.4410493854805827,0.11484653327433636
nsl,0,Probe,srv_rerror_rate,Time,0.2652612072462216,0.20056523841340096,0.2170056083565578,0.00475305004941765
nsl,0,Probe,same_srv_rate,Time,0.5122230436932296,0.47918027636595073,0.48051410482730716,0.12123722095589619
nsl,0,Probe,diff_srv_rate,Time,1.0259177793934942,1.0258532303012908,0.9774201045744121,0.7481341425461722
nsl,0,Probe,srv_diff_host_rate,Time,0.2044722224213183,0.20149936454370618,0.18323333869688213,0.009746366523817414
nsl,0,Probe,dst_host_count,Host,0.13460479746339843,0.04090913958149031,0.13811440693214536,0.25519997962412877
nsl,0,Probe,dst_host_srv_count,Host,0.30728400393389166,-0.11155702956952154,0.31455132308416067,0.14948496557911858
nsl,0,Probe,dst_host_same_srv_rate,Host,0.6072286772727966,0.5439516240358353,0.6557571458071471,0.6789209521627053
nsl,0,Probe,dst_host_diff_srv_rate,Host,0.9810935715027154,0.9437936941720545,1.0021097855083645,1.5150191142261034
nsl,0,Probe,dst_host_same_src_port_rate,Host,0.5028496673516929,0.4549361562915146,0.5537409025616944,0.44572935748985015
nsl,0,Probe,dst_host_srv_diff_host_rate,Host,0.3374230348318815,0.3374230348318815,0.34181051559746267,0.04651606786251066
nsl,0,Probe,dst_host_serror_rate,Host,0.35711957383900883,0.27589636374264953,0.388061328753829,0.6468252350054682
nsl,0,Probe,dst_host_srv_serror_rate,Host,0.19710652592708355,-0.06439701262512244,0.2101408178708516,0.060419854931998994
nsl,0,Probe,dst_host_rerror_rate,Host,0.6122494832985104,0.4236092776246369,0.6710146168805659,0.5162436657976364
nsl,0,Probe,dst_host_srv_rerror_rate,Host,0.09269138496136292,0.03464322042418644,0.1216900880401954,0.014122376151790376
nsl,0,R2L,duration,Basic,0.5147934198472649,0.3158273385372013,0.5371440474875271,0.29106754040249516
nsl,0,R2L,protocol_type,Basic,0.09135235520079732,0.060270019974559545,0.08923136115074158,0.12419991046469664
nsl,0,R2L,service,Basic,0.755166389644146,0.24133949011564254,0.7480483742058277,2.2095432642921797
nsl,0,R2L,flag,Basic,0.2061164474952966,0.15409537765197456,0.21874002951197327,0.27658722695801397
nsl,0,R2L,src_bytes,Basic,0.8491809391975402,0.6147454369068146,0.8939362227916717,0.6593896564543248
nsl,0,R2L,dst_bytes,Basic,0.3608756869006902,-0.3396164387371391,0.3944687412399799,0.3161459556668996
nsl,0,R2L,land,Basic,0.0,0.0,0.0,0.0004843864268705149
nsl,0,R2L,wrong_fragment,Basic,0.003277695294818841,0.0010905074334004894,0.0032960052916314454,0.025675977220525975
nsl,0,R2L,urgent,Basic,0.0,0.0,0.0,0.0020006860341309223
nsl,0,R2L,hot,Content,0.2504315643385053,0.18097930621355773,0.2489634752832353,0.34314488790021275
nsl,0,R2L,num_failed_logins,Content,0.36879069328308106,0.36879069328308106,0.36091896533966067,0.1550479119439842
nsl,0,R2L,logged_in,Content,0.6543463733792305,0.2498739805817604,0.650120986700058,0.1150880402937764
nsl,0,R2L,num_compromised,Content,0.01373370436951518,0.01373370436951518,0.014823793917894363,0.024646658181853135
nsl,0,R2L,root_shell,Content,0.0011110976798227056,0.0004338716639904305,0.0017618029069853946,0.0034602968031540522
nsl,0,R2L,su_attempted,Content,0.0,0.0,0.0,0.000236960767142591
nsl,0,R2L,num_root,Content,0.003264342398033477,0.003219997936976142,0.0034226845420198514,0.015890336145936098
nsl,0,R2L,num_file_creations,Content,0.009876855406910181,0.0026330163143575194,0.010105784148909152,0.012197144517208469
nsl,0,R2L,num_shells,Content,0.0,0.0,0.0,0.007628216731420254
nsl,0,R2L,num_access_files,Content,0.0,0.0,0.0,0.016608616009383695
nsl,0,R2L,is_host_login,Content,0.0,0.0,0.0,0.0
nsl,0,R2L,is_guest_login,Content,0.3945501172915101,0.3519363820180297,0.4063036013394594,0.14192648407304664
nsl,0,R2L,count,Time,0.3818523398041725,0.3818523398041725,0.42383956611156465,0.38695011442038235
nsl,0,R2L,srv_count,Time,0.6252305713295937,0.6252305713295937,0.6429108303785324,0.101088774174219
nsl,0,R2L,serror_rate,Time,0.03790044504217804,-0.03790044504217804,0.03642355175688863,0.025633233856817247
nsl,0,R2L,srv_serror_rate,Time,0.17475784596055746,0.16290909823030233,0.17560376480221748,0.02291915878244618
nsl,0,R2L,rerror_rate,Time,0.06627444000914692,0.05340177210047841,0.0657179812900722,0.028294366651913153
nsl,0,R2L,srv_rerror_rate,Time,0.029829262383282186,0.028561110980808734,0.02651146090705879,0.003238880756456638
nsl,0,R2L,same_srv_rate,Time,0.09800114039331674,0.09362483981996775,0.10130791638046503,0.033153676730486054
nsl,0,R2L,diff_srv_rate,Time,0.0495027575828135,0.036188830267637966,0.05044456922914833,0.037287446251488277
nsl,0,R2L,srv_diff_host_rate,Time,0.017324390519643202,0.0017638348054606467,0.018384881445672362,0.013107888810627626
nsl,0,R2L,dst_host_count,Host,0.24513364144600927,0.0795053677726537,0.24761076336726545,0.15750200444459914
nsl,0,R2L,dst_host_srv_count,Host,0.35179907676763833,0.11763359897769987,0.35125700692646206,0.14229008514480668
nsl,0,R2L,dst_host_same_srv_rate,Host,0.31994596946984527,0.1962929287366569,0.3215454308129847,0.32127809838904076
nsl,0,R2L,dst_host_diff_srv_rate,Host,0.43042790677398446,0.2622765242308378,0.4293901146017015,0.2444714402966201
nsl,0,R2L,dst_host_same_src_port_rate,Host,0.3158800298720598,0.2076621998846531,0.3090163502842188,0.3255936425710098
nsl,0,R2L,dst_host_srv_diff_host_rate,Host,0.23909877378493546,0.051686608009040354,0.22647439120337368,0.2188229483459146
nsl,0,R2L,dst_host_serror_rate,Host,0.16700784129556268,-0.027248201235197486,0.18283813304267824,0.23455706169083718
nsl,0,R2L,dst_host_srv_serror_rate,Host,0.11331803353503346,0.0838387761451304,0.09911860157502815,0.0434297484398994
nsl,0,R2L,dst_host_rerror_rate,Host,0.21679177494253962,0.1479235558444634,0.20559737854637206,0.05157564520835873
nsl,0,R2L,dst_host_srv_rerror_rate,Host,0.09100843009306119,-0.03699090561131015,0.09171822800301016,0.022883725813997433
nsl,0,U2R,duration,Basic,0.6141954876759367,0.5430708351368839,0.6346053556362922,0.4025999145620468
nsl,0,U2R,protocol_type,Basic,0.08243726782903478,-0.057891646500777556,0.09067348748244144,0.06308748691116235
nsl,0,U2R,service,Basic,2.0961400737633578,2.0961400737633578,2.1036194736087643,1.6621080209576602
nsl,0,U2R,flag,Basic,0.4055390806767989,0.2174408571995996,0.4344653610039402,0.2882291436742841
nsl,0,U2R,src_bytes,Basic,0.4624136578593705,0.06610293938098727,0.47405390521964513,0.3476278421720743
nsl,0,U2R,dst_bytes,Basic,0.7961301434080343,0.5763041986202871,0.8193210228472143,0.7499264165985624
nsl,0,U2R,land,Basic,0.0,0.0,0.0,0.0005033239090030169
nsl,0,U2R,wrong_fragment,Basic,0.012992747216107877,0.012390613121710517,0.013899577800436196,0.025590247018388607
nsl,0,U2R,urgent,Basic,0.03985167516244424,-0.03985167516244424,0.036985945057224585,0.0024761458872023007
nsl,0,U2R,hot,Content,0.39423125763297884,0.08053981913001956,0.3990093112193249,0.08944277132490047
nsl,0,U2R,num_failed_logins,Content,0.0405015542700484,-0.006637706949904158,0.041213457648818556,0.022838652795699823
nsl,0,U2R,logged_in,Content,0.8962933662775401,0.6242583990097046,0.9648578489148939,0.18771727775613703
nsl,0,U2R,num_compromised,Content,0.2459281438315048,0.20272637558770618,0.24237559997001537,0.3592556914375981
nsl,0,U2R,root_shell,Content,0.8973993380849778,0.8900596229894389,0.8765356374489194,0.06288317651676668
nsl,0,U2R,su_attempted,Content,0.0,0.0,0.0,0.0011665925257320112
nsl,0,U2R,num_root,Content,0.34974866589480963,0.345292082081574,0.3202694479338321,0.15139832075689588
nsl,0,U2R,num_file_creations,Content,0.19778216336232396,0.14003159129886725,0.17990626808416374,0.5530799014944932
nsl,0,U2R,num_shells,Content,0.12293852261594825,-0.12293852261594825,0.12243394755028389,0.02516919794489277
nsl,0,U2R,num_access_files,Content,0.08765619187741666,-0.08765619187741666,0.08223780909100094,0.009835161873913447
nsl,0,U2R,is_host_login,Content,0.008543334297231725,-0.008543334297231725,0.009835496142103866,0.0
nsl,0,U2R,is_guest_login,Content,0.036468235096214593,0.036468235096214593,0.03691289030216836,0.04351203701446286
nsl,0,U2R,count,Time,0.35179412445506536,0.35179412445506536,0.33604310573758306,0.16779749024709736
nsl,0,U2R,srv_count,Time,0.42261074790479364,0.42261074790479364,0.40484331140445695,0.07151048354854857
nsl,0,U2R,serror_rate,Time,0.05567025121402096,0.05567025121402096,0.06395523944819295,0.023506983762411907
nsl,0,U2R,srv_serror_rate,Time,0.17138363884107485,0.17138363884107485,0.1737308447828164,0.021571139074512753
nsl,0,U2R,rerror_rate,Time,0.10386730670123487,0.10386730670123487,0.103003871199247,0.025267952028032694
nsl,0,U2R,srv_rerror_rate,Time,0.09022020669402303,0.09022020669402303,0.08141500945832278,0.003658142057798074
nsl,0,U2R,same_srv_rate,Time,0.023417287169502594,0.021375400338296754,0.027134032089363883,0.03294242459786482
nsl,0,U2R,diff_srv_rate,Time,0.09831204003578908,-0.09831204003578908,0.10324055641084104,0.02656961250774927
nsl,0,U2R,srv_diff_host_rate,Time,0.09256447922136332,0.09256447922136332,0.08538751716952066,0.0019968606688938032
nsl,0,U2R,dst_host_count,Host,0.16585420942991166,-0.07908610410585597,0.17793533212278742,0.4026098420138696
nsl,0,U2R,dst_host_srv_count,Host,0.5263620570956452,0.4360864138532732,0.5275746484261912,0.9828860390025216
nsl,0,U2R,dst_host_same_srv_rate,Host,0.14981970094094002,-0.060954956274882365,0.1633802426702066,0.1269141155446099
nsl,0,U2R,dst_host_diff_srv_rate,Host,0.32129373824274216,0.05642139589464342,0.32427717735235756,0.6045784328283893
nsl,0,U2R,dst_host_same_src_port_rate,Host,0.15974033045003544,0.06097018602933433,0.16160869865200003,0.09008207524295994
nsl,0,U2R,dst_host_srv_diff_host_rate,Host,0.10058391297777258,-0.01623186348572474,0.10304607159609126,0.2220914921698135
nsl,0,U2R,dst_host_serror_rate,Host,0.2733659389856699,0.15861267979080612,0.2863178955944809,0.5160832220185047
nsl,0,U2R,dst_host_srv_serror_rate,Host,0.29453727260634704,0.14782672858721502,0.3102542931163633,0.07973146832672363
nsl,0,U2R,dst_host_rerror_rate,Host,0.2388346646031415,-0.14087242917535273,0.2456513545161264,0.25628898265343664
nsl,0,U2R,dst_host_srv_rerror_rate,Host,0.08688291073525073,0.014008670850229022,0.0925572421338812,0.01859571245692456
nsl,1,DoS,duration,Basic,0.034585733492858706,0.017918803771026434,0.035345136313699184,0.13687918372743296
nsl,1,DoS,protocol_type,Basic,0.22432572507765144,0.22432572507765144,0.22395701537607238,0.10311912156548346
nsl,1,DoS,service,Basic,0.43920105081051586,0.4088851248845458,0.4140281387977302,2.300961067909375
nsl,1,DoS,flag,Basic,1.4689882494229822,1.4683165812306107,1.4451414467394352,1.9168646730212497
nsl,1,DoS,src_bytes,Basic,0.46012300833361225,0.4221060275821947,0.5152584469970316,0.8771628208458424
nsl,1,DoS,dst_bytes,Basic,0.11533437687903643,0.11533437687903643,0.1002815627027303,0.32600581543939183
nsl,1,DoS,land,Basic,0.0,0.0,0.0,0.00608093220303999
nsl,1,DoS,wrong_fragment,Basic,0.026604170951759442,0.01519675578805618,0.02163309369585477,0.06678226746618748
nsl,1,DoS,urgent,Basic,0.0,0.0,0.0,0.00023703191568347397
nsl,1,DoS,hot,Content,0.09316222975030541,0.09316222975030541,0.0949117651116103,0.06819530371058503
nsl,1,DoS,num_failed_logins,Content,0.0,0.0,0.0,0.0007874880205490625
nsl,1,DoS,logged_in,Content,0.8194554801285266,0.7999091286957264,0.7719649131968618,0.07575327689759437
nsl,1,DoS,num_compromised,Content,0.11939468536525964,0.0989940008148551,0.11648680118378252,0.0610145847382155
nsl,1,DoS,root_shell,Content,0.0026055560051463545,0.0026055560051463545,0.0029176710022147745,0.007339134983601977
nsl,1,DoS,su_attempted,Content,0.0,0.0,0.0,2.496571163828776e-05
nsl,1,DoS,num_root,Content,0.004882095453795045,0.004882095453795045,0.003641537345247343,0.010567092106095514
nsl,1,DoS,num_file_creations,Content,0.0036513544246554374,0.0036513544246554374,0.004447728707455099,0.009563716463046141
nsl,1,DoS,num_shells,Content,0.0,0.0,0.0,0.003942583215073685
nsl,1,DoS,num_access_files,Content,0.0,0.0,0.0,0.0045394557381623615
nsl,1,DoS,is_host_login,Content,0.0,0.0,0.0,0.0
nsl,1,DoS,is_guest_login,Content,0.014439607113599777,0.014439607113599777,0.014436161350458861,0.0044999096128158275
nsl,1,DoS,count,Time,0.4972358161956072,0.4916490287333727,0.4961235957220197,1.5030401988928208
nsl,1,DoS,srv_count,Time,0.4756079112738371,0.3498005067557097,0.48383242297917606,0.5688581331539898
nsl,1,DoS,serror_rate,Time,0.19491533086053095,0.14789634545450098,0.1821809983626008,0.13614063002416518
nsl,1,DoS,srv_serror_rate,Time,0.5795541283255443,0.5246205361699685,0.6104852520301938,0.06192072589485906
nsl,1,DoS,rerror_rate,Time,0.6922978847566992,0.6782254619989544,0.7436007123999298,0.017855254023994353
nsl,1,DoS,srv_rerror_rate,Time,0.20249991689808666,0.19763152432627976,0.19138685920275747,0.0027661668967921297
nsl,1,DoS,same_srv_rate,Time,0.26934007884934547,0.25869417628273367,0.30560340980999173,0.29660147786769087
nsl,1,DoS,diff_srv_rate,Time,0.6363419357314706,0.6336372834071518,0.6737048163730651,0.1491621083423961
nsl,1,DoS,srv_diff_host_rate,Time,0.06985290376585908,0.04456525749177672,0.06941629949491471,0.027918948916078087
nsl,1,DoS,dst_host_count,Host,0.1958673560898751,0.16459980444051325,0.2137048603966832,0.0988359537972137
nsl,1,DoS,dst_host_srv_count,Host,0.21962538231164216,-0.02704007852822542,0.25327330514788626,0.20564962431625475
nsl,1,DoS,dst_host_same_srv_rate,Host,0.27532684354577214,0.2652653730055317,0.3109047467634082,0.1932961573470384
nsl,1,DoS,dst_host_diff_srv_rate,Host,0.40889845399186014,0.3944827337935567,0.42612413465743887,0.47851714474428436
nsl,1,DoS,dst_host_same_src_port_rate,Host,0.1507691683061421,0.12571407655254008,0.1759573687426746,0.416366610975936
nsl,1,DoS,dst_host_srv_diff_host_rate,Host,0.11145806693471969,0.10379210303071887,0.1279546979838051,0.15019555423455308
nsl,1,DoS,dst_host_serror_rate,Host,0.49021720126271245,0.4469005136191845,0.524243272356689,0.4820721825603396
nsl,1,DoS,dst_host_srv_serror_rate,Host,0.25028995173750446,0.23977549843257293,0.282990280209342,0.2742512605101511
nsl,1,DoS,dst_host_rerror_rate,Host,0.9352852806262671,0.8755519548244775,0.9249183948338032,0.7241652563754468
nsl,1,DoS,dst_host_srv_rerror_rate,Host,0.103662295085378,0.09778980492148548,0.1323583407374099,0.060751493051066065
nsl,1,Normal,duration,Basic,0.02308071152190678,0.017865909376414493,0.024336848293896766,0.19538482531119372
nsl,1,Normal,protocol_type,Basic,0.1348420562967658,0.1276621415838599,0.12193048967048525,0.13832018917286773
nsl,1,Normal,service,Basic,0.7575590664148331,0.7480409628152848,0.7452043214440346,3.7644745782613747
nsl,1,Normal,flag,Basic,0.3422574883699417,0.3354092785716057,0.3857963810861111,0.3475099136680365
nsl,1,Normal,src_bytes,Basic,0.48897048085927963,0.47965774685144424,0.4779380276799202,1.8968526510596269
nsl,1,Normal,dst_bytes,Basic,0.08494680381380021,0.07287621398456395,0.07976589353289455,0.42448427749238915
nsl,1,Normal,land,Basic,0.0,0.0,0.0,0.003335596176795662
nsl,1,Normal,wrong_fragment,Basic,0.011077642731834203,0.011077642731834203,0.01162414589896798,0.02888571355096065
nsl,1,Normal,urgent,Basic,0.0,0.0,0.0,0.00042958259367151177
nsl,1,Normal,hot,Content,0.08413372159004212,0.029164060354232788,0.08401631034910678,0.2278873903841594
nsl,1,Normal,num_failed_logins,Content,0.0,0.0,0.0,0.0015970070677576592
nsl,1,Normal,logged_in,Content,1.50088104814291,1.3740884605050088,1.5773325341939926,0.12087900656834245
nsl,1,Normal,num_compromised,Content,0.005788278941763565,0.005788278941763565,0.004886836195364595,0.038899947632366094
nsl,1,Normal,root_shell,Content,0.002700960579677485,0.0026676921144826336,0.0015525584216811695,0.009476600299007258
nsl,1,Normal,su_attempted,Content,0.0,0.0,0.0,9.641631451449937e-05
nsl,1,Normal,num_root,Content,0.0048795845800486855,0.0048795845800486855,0.002676412368309684,0.025893862613562302
nsl,1,Normal,num_file_creations,Content,0.0065105784311890605,0.0065105784311890605,0.005085943413432687,0.04128612493348191
nsl,1,Normal,num_shells,Content,0.0,0.0,0.0,0.003900043330155314
nsl,1,Normal,num_access_files,Content,0.0,0.0,0.0,0.004787721141910881
nsl,1,Normal,is_host_login,Content,0.0,0.0,0.0,0.0
nsl,1,Normal,is_guest_login,Content,0.024617875604890288,0.024617875604890288,0.024190999967977404,0.006143277112394571
nsl,1,Normal,count,Time,0.3602911004051566,0.12209843695163727,0.3793284736573696,0.32099981000740074
nsl,1,Normal,srv_count,Time,0.176928943595849,0.13081165053416044,0.18188318476080895,0.05514519537938759
nsl,1,Normal,serror_rate,Time,0.09875975028611719,0.09416757196187973,0.09249599392758683,0.038397245401196406
nsl,1,Normal,srv_serror_rate,Time,0.23501102365553378,0.23501102365553378,0.2156581019051373,0.02074536788457772
nsl,1,Normal,rerror_rate,Time,0.13338059958070517,0.13338059958070517,0.1358263662084937,0.026861372636449235
nsl,1,Normal,srv_rerror_rate,Time,0.06558459598105401,0.06403072603978216,0.06524364544544368,0.003195674902293829
nsl,1,Normal,same_srv_rate,Time,0.12577866965904833,0.11966774756088853,0.14529972162097693,0.06696538879556466
nsl,1,Normal,diff_srv_rate,Time,0.16700022298842668,0.15537455800920724,0.18505206466652452,0.07451848786248592
nsl,1,Normal,srv_diff_host_rate,Time,0.16224372799275444,0.11356414315989241,0.15220781133975833,0.020913124573591638
nsl,1,Normal,dst_host_count,Host,0.09848936491645872,0.032976195057854055,0.10208331613801419,0.17109905839152634
nsl,1,Normal,dst_host_srv_count,Host,0.38058898855000733,0.3481312641873956,0.38622584629803897,0.8278293556859715
nsl,1,Normal,dst_host_same_srv_rate,Host,0.1467016850039363,0.1412182342261076,0.15426694435998797,0.3432231273935177
nsl,1,Normal,dst_host_diff_srv_rate,Host,0.08144464556593448,0.06711802636738867,0.10210337914526463,0.2701709533864633
nsl,1,Normal,dst_host_same_src_port_rate,Host,0.18515740148723125,0.14432693906128408,0.17685654342640192,0.26615352662233643
nsl,1,Normal,dst_host_srv_diff_host_rate,Host,0.1392525370977819,0.09014792488887906,0.14057581873610617,0.14089849588437928
nsl,1,Normal,dst_host_serror_rate,Host,0.278611062951386,0.278611062951386,0.2915960745885968,0.10969908985868097
nsl,1,Normal,dst_host_srv_serror_rate,Host,0.29211369521915914,0.29211369521915914,0.30614735893905165,0.16149344215486777
nsl,1,Normal,dst_host_rerror_rate,Host,0.23389647953212261,0.11355860657989979,0.22877880532294512,0.18077435335516934
nsl,1,Normal,dst_host_srv_rerror_rate,Host,0.057157126723323015,-0.05047427555313334,0.06232698435662314,0.0035550700899912046
nsl,1,Probe,duration,Basic,0.007976461607031525,0.007435996981803328,0.010076441721757874,0.11091517961455971
nsl,1,Probe,protocol_type,Basic,0.2998931768164039,0.24620223317295312,0.28295270254136995,0.16686182910902425
nsl,1,Probe,service,Basic,0.9266561204195023,0.9223335033655167,0.9137894520163536,2.040117674857377
nsl,1,Probe,flag,Basic,0.909408018887043,0.8559891846776009,0.9809305948019028,0.5267724440246818
nsl,1,Probe,src_bytes,Basic,0.8927426326274872,0.8927426326274872,0.9225381484627724,1.8106063120067113
nsl,1,Probe,dst_bytes,Basic,0.17752543363720177,0.03459309253841639,0.18685534935444592,0.3656016412819735
nsl,1,Probe,land,Basic,0.0,0.0,0.0,0.0015995397670194502
nsl,1,Probe,wrong_fragment,Basic,0.01816885745851323,0.01816885745851323,0.021312039947370066,0.026853329374454917
nsl,1,Probe,urgent,Basic,0.0,0.0,0.0,0.00020104791740595834
nsl,1,Probe,hot,Content,0.015915975095704197,0.015915975095704197,0.015943359890952705,0.04136498646938709
nsl,1,Probe,num_failed_logins,Content,0.0,0.0,0.0,0.002495383399655112
nsl,1,Probe,logged_in,Content,0.8623394733667373,0.8623394733667373,0.7828395515680313,0.1364274593782611
nsl,1,Probe,num_compromised,Content,0.0012872001994401216,-0.000178937433520332,0.0019516311064944603,0.016966708488704168
nsl,1,Probe,root_shell,Content,0.004093588485848159,0.004093588485848159,0.00345935930381529,0.010106404894220761
nsl,1,Probe,su_attempted,Content,0.0,0.0,0.0,1.8553815705672584e-05
nsl,1,Probe,num_root,Content,0.0028137354989303275,0.0028137354989303275,0.0035365918921888805,0.006330003945480709
nsl,1,Probe,num_file_creations,Content,0.0031121560581959785,0.0031121560581959785,0.003487547328695655,0.013599874177656601
nsl,1,Probe,num_shells,Content,0.0,0.0,0.0,0.004859627814264967
nsl,1,Probe,num_access_files,Content,0.0,0.0,0.0,0.0039606027510417354
nsl,1,Probe,is_host_login,Content,0.0,0.0,0.0,0.0
nsl,1,Probe,is_guest_login,Content,0.009818234988488257,0.009818234988488257,0.008681381703354418,0.0033591559422202436
nsl,1,Probe,count,Time,0.35702483154833314,0.20142801428213716,0.37002768194302915,0.3080096164047718
nsl,1,Probe,srv_count,Time,0.4298446716181934,-0.2831686328165233,0.4606759018264711,0.12969557893415906
nsl,1,Probe,serror_rate,Time,0.23616203870624303,0.20896813217550517,0.2481656365841627,0.05162909268704242
nsl,1,Probe,srv_serror_rate,Time,0.2297296676412225,0.19493376011028885,0.23551462257746608,0.012036218932218613
nsl,1,Probe,rerror_rate,Time,0.7456123062968254,0.5464984837174416,0.724670167081058,0.10952633164637156
nsl,1,Probe,srv_rerror_rate,Time,0.17200776380486787,0.12079013937152921,0.15300988647853955,0.0018246006521512744
nsl,1,Probe,same_srv_rate,Time,0.932518653869629,0.7781285321712494,0.9704545890539884,0.12525554965389893
nsl,1,Probe,diff_srv_rate,Time,0.8964522897731513,0.8947327331919223,0.8882206225022674,0.7808419495611157
nsl,1,Probe,srv_diff_host_rate,Time,0.18535197784425692,0.18513369142310693,0.18782579528400675,0.006496997864102014
nsl,1,Probe,dst_host_count,Host,0.14504985724110156,-0.0031546456040814517,0.1576580778695643,0.25154052772768776
nsl,1,Probe,dst_host_srv_count,Host,0.49168953839689494,-0.1352066574897617,0.5103308942075819,0.17389995636770622
nsl,1,Probe,dst_host_same_srv_rate,Host,0.9232741197943688,0.8144046023488045,0.9615805864334106,0.6715594444563613
nsl,1,Probe,dst_host_diff_srv_rate,Host,0.843397668893449,0.697373206843622,0.849538174411282,1.5240802796776414
nsl,1,Probe,dst_host_same_src_port_rate,Host,0.8169484251737594,0.6305013418197631,0.8446873801574111,0.46296847708709526
nsl,1,Probe,dst_host_srv_diff_host_rate,Host,0.20432217014022172,0.17113074998371303,0.20601674675941467,0.06822238170914352
nsl,1,Probe,dst_host_serror_rate,Host,0.3149229084327817,0.16419350031763316,0.3212163438647985,0.6633782589398324
nsl,1,Probe,dst_host_srv_serror_rate,Host,0.12752823211369105,-0.021222961797611788,0.13593521069618875,0.0756828880092071
nsl,1,Probe,dst_host_rerror_rate,Host,0.5371094236057252,0.35709336328320207,0.5767057073488832,0.4614763107660693
nsl,1,Probe,dst_host_srv_rerror_rate,Host,0.22045693141873926,0.16769221553113312,0.24541215520584955,0.01645758572337218
nsl,1,R2L,duration,Basic,0.15991397601552307,0.02386652471497655,0.16750754258828238,0.3255657119858661
nsl,1,R2L,protocol_type,Basic,0.08166281145066023,0.08166281145066023,0.07800355304963887,0.11798305720742791
nsl,1,R2L,service,Basic,0.5551204981468618,0.4805525222234428,0.5791879401914776,2.232532784979791
nsl,1,R2L,flag,Basic,0.2658639830630273,0.26549609429202975,0.26252464327029884,0.24655203865072686
nsl,1,R2L,src_bytes,Basic,0.5163629924505949,-0.003272641971707344,0.5250134560838342,0.6451965708970093
nsl,1,R2L,dst_bytes,Basic,0.324188999668695,-0.16330353009048848,0.34474961361847817,0.17540783373359592
nsl,1,R2L,land,Basic,0.0,0.0,0.0,0.0005956212421297094
nsl,1,R2L,wrong_fragment,Basic,0.0052496561734005805,0.001231311997398734,0.006524409062694758,0.02536339518032036
nsl,1,R2L,urgent,Basic,0.0,0.0,0.0,0.000736596151051344
nsl,1,R2L,hot,Content,0.2917386156693101,0.21807457145303488,0.3042854683101177,0.3656880418881482
nsl,1,R2L,num_failed_logins,Content,0.6939822101593017,0.6939822101593017,0.7207792830467225,0.22620767328969663
nsl,1,R2L,logged_in,Content,0.7106009274721146,0.19797177851200104,0.7843770071864128,0.1287654193675844
nsl,1,R2L,num_compromised,Content,0.01660902764648199,0.01660902764648199,0.015879232054576278,0.020991874256316795
nsl,1,R2L,root_shell,Content,0.005024592339177616,0.005016687500174157,0.005247660578170325,0.006545635293223313
nsl,1,R2L,su_attempted,Content,0.0,0.0,0.0,0.00015554066670301825
nsl,1,R2L,num_root,Content,0.0023514440536382608,0.0010093282369780354,0.004463837855146266,0.008847092685638928
nsl,1,R2L,num_file_creations,Content,0.010379566350020469,-0.001133353509940207,0.013594286837615073,0.019840189534937956
nsl,1,R2L,num_shells,Content,0.0,0.0,0.0,0.01270496359816753
nsl,1,R2L,num_access_files,Content,0.0,0.0,0.0,0.018151228097412972
nsl,1,R2L,is_host_login,Content,0.0,0.0,0.0,0.0
nsl,1,R2L,is_guest_login,Content,0.42283896028529855,0.3937956327246502,0.4509393916465342,0.12506686144694684
nsl,1,R2L,count,Time,0.6165344452857972,0.6165344452857972,0.6238184839487075,0.45975655538216187
nsl,1,R2L,srv_count,Time,0.6689460319280625,0.6689460319280625,0.6773722264170646,0.08027407117612893
nsl,1,R2L,serror_rate,Time,0.012782701337710024,0.006468459530733526,0.015760575498570687,0.03252095427201131
nsl,1,R2L,srv_serror_rate,Time,0.2007303451374173,0.19056099642068147,0.19504331421107055,0.018478507748659466
nsl,1,R2L,rerror_rate,Time,0.06783267270773649,0.057025065682828426,0.06789462823420762,0.023203650313924302
nsl,1,R2L,srv_rerror_rate,Time,0.04516994820907712,0.038901066947728394,0.040284769395366314,0.001694384563015774
nsl,1,R2L,same_srv_rate,Time,0.16030987069010735,0.15665329173207282,0.15921041883528234,0.03942576650719274
nsl,1,R2L,diff_srv_rate,Time,0.022436281287809834,-0.004720334144076332,0.02596550672664307,0.04914469266543166
nsl,1,R2L,srv_diff_host_rate,Time,0.03487515967222862,0.02405206032679416,0.035673933497746474,0.010859550873166882
nsl,1,R2L,dst_host_count,Host,0.1738188256509602,0.10643815393559634,0.17430087260901928,0.13852213050238793
nsl,1,R2L,dst_host_srv_count,Host,0.38933447995688764,0.043149847476743164,0.39317902009934186,0.1673188755279407
nsl,1,R2L,dst_host_same_srv_rate,Host,0.3655169885791838,0.1295016604848206,0.38321300484240056,0.2795191812406992
nsl,1,R2L,dst_host_diff_srv_rate,Host,0.22588670642580838,0.1179636365780607,0.23800609190948308,0.2374024563641287
nsl,1,R2L,dst_host_same_src_port_rate,Host,0.2832064066827297,0.21214393094182016,0.2817498954758048,0.3839554249318317
nsl,1,R2L,dst_host_srv_diff_host_rate,Host,0.22216522354166954,0.14693951185792684,0.2297218803386204,0.1807452820227482
nsl,1,R2L,dst_host_serror_rate,Host,0.13522093696519732,0.05996865424327552,0.14134994827676564,0.18784092113375667
nsl,1,R2L,dst_host_srv_serror_rate,Host,0.1156987216649577,0.11124057818669826,0.1244972232496366,0.0488558779754967
nsl,1,R2L,dst_host_rerror_rate,Host,0.36313026228453965,0.32445405261125415,0.3470331714535132,0.05010311666713098
nsl,1,R2L,dst_host_srv_rerror_rate,Host,0.16749696231912822,0.009240846601314842,0.168807568307966,0.025958589812507853
nsl,1,U2R,duration,Basic,1.4257249416330375,1.3641122963178802,1.4205122349934804,0.4434766228238397
nsl,1,U2R,protocol_type,Basic,0.057532368328522994,0.009019503344756525,0.06072791280677995,0.030078262354977226
nsl,1,U2R,service,Basic,0.7563903526579207,0.494360907103967,0.7459629779127804,1.6350009211678862
nsl,1,U2R,flag,Basic,0.6051002039599258,0.5896042952364361,0.6201898233927283,0.26879545291256457
nsl,1,U2R,src_bytes,Basic,0.7739882879966015,-0.466059610247612,0.7897640407286786,0.2696122557956826
nsl,1,U2R,dst_bytes,Basic,0.53894540471201,0.1209360987854165,0.5355636650646055,0.7582871674182446
nsl,1,U2R,land,Basic,0.0,0.0,0.0,0.0005834102390705282
nsl,1,U2R,wrong_fragment,Basic,0.02012163886762652,0.020030984261727613,0.022074921679607517,0.02541757614754543
nsl,1,U2R,urgent,Basic,0.0008565961710504584,0.0008565961710504584,0.0013269418598832311,0.004884448625002609
nsl,1,U2R,hot,Content,0.3511030411951848,0.2860887556311649,0.36144894268363714,0.058217615414115076
nsl,1,U2R,num_failed_logins,Content,0.028065720119991817,0.028065720119991817,0.030455619902224153,0.0365874056123839
nsl,1,U2R,logged_in,Content,0.49396215781972214,0.35987002503227544,0.4775873656208451,0.16526446749481397
nsl,1,U2R,num_compromised,Content,0.2599113074578093,0.13100414028126947,0.2654444176980571,0.21156307001571825
nsl,1,U2R,root_shell,Content,1.2691201444186673,1.257229309894044,1.2996723595251505,0.9459033726338557
nsl,1,U2R,su_attempted,Content,0.0,0.0,0.0,0.0012250847759345117
nsl,1,U2R,num_root,Content,0.20359814593039854,0.06989413094895615,0.21119123975261794,0.17762070958951637
nsl,1,U2R,num_file_creations,Content,0.6701181145460421,0.658951077799036,0.6721154479184062,0.2977114227820641
nsl,1,U2R,num_shells,Content,0.06314133732529306,0.02880365402135696,0.06531871794848829,0.02106742707672654
nsl,1,U2R,num_access_files,Content,0.08403242600930703,-0.08403242600930703,0.081281075606475,0.015377847344368362
nsl,1,U2R,is_host_login,Content,0.004750820430549416,0.004750820430549416,0.004519042936531273,0.0
nsl,1,U2R,is_guest_login,Content,0.024258926592616213,0.023960645065164647,0.023022193812475715,0.054385775052061366
nsl,1,U2R,count,Time,0.3073437447483475,0.3073437447483475,0.30740569330550527,0.16333745218612053
nsl,1,U2R,srv_count,Time,0.41126533497024226,0.41126533497024226,0.4190563615914938,0.07847305657184758
nsl,1,U2R,serror_rate,Time,0.02002854093380675,0.015749605089375698,0.028065367564055567,0.030163649423205225
nsl,1,U2R,srv_serror_rate,Time,0.23582671139691327,0.23582671139691327,0.25711104475163127,0.01709627130318974
nsl,1,U2R,rerror_rate,Time,0.05208006128668785,0.05208006128668785,0.050724457848716424,0.021618750601349327
nsl,1,U2R,srv_rerror_rate,Time,0.019434275011204788,0.019434275011204788,0.02064864700848891,0.0029472402595864555
nsl,1,U2R,same_srv_rate,Time,0.035269912458150775,0.02053541539085878,0.033295065548421966,0.0367016498284962
nsl,1,U2R,diff_srv_rate,Time,0.03453634626458626,-0.032992433643320926,0.042425412632764094,0.04763913830684032
nsl,1,U2R,srv_diff_host_rate,Time,0.01726749155204743,0.016569401952438056,0.017282514927304676,0.002836978217866901
nsl,1,U2R,dst_host_count,Host,0.2172440094873309,0.020004477276391274,0.22746804219393715,0.5038967931718641
nsl,1,U2R,dst_host_srv_count,Host,0.5182577707880253,0.33431956715680455,0.5401870459318161,0.9217366302687977
nsl,1,U2R,dst_host_same_srv_rate,Host,0.21852687064155535,-0.15498799694752372,0.22931896576758576,0.08196217981544701
nsl,1,U2R,dst_host_diff_srv_rate,Host,0.2967866803141865,-0.11314589338930878,0.2973475152173558,0.3597327454544202
nsl,1,U2R,dst_host_same_src_port_rate,Host,0.07235746556339231,-0.017317511367838125,0.08049080708391361,0.12434289124605526
nsl,1,U2R,dst_host_srv_diff_host_rate,Host,0.15914264973253012,0.0011506131220911,0.16891719721182175,0.17182781975653427
nsl,1,U2R,dst_host_serror_rate,Host,0.20654816177950516,-0.10057813993881683,0.21063293863994045,0.3372863761394763
nsl,1,U2R,dst_host_srv_serror_rate,Host,0.17473506466863123,-0.15323588048183434,0.1786802305613418,0.11663742437463162
nsl,1,U2R,dst_host_rerror_rate,Host,0.09628585096750711,-0.011518057083358636,0.10710516486417603,0.16747856940822425
nsl,1,U2R,dst_host_srv_rerror_rate,Host,0.04140082470493744,-0.001838333092982302,0.04384570072933629,0.016898371225122263
nsl,2,DoS,duration,Basic,0.030019133043824694,0.0215047275548568,0.03279777874937281,0.10607894867903087
nsl,2,DoS,protocol_type,Basic,0.20139384515117853,0.18421099226456136,0.21893710913602263,0.1010899881431833
nsl,2,DoS,service,Basic,0.34479042815044525,0.19749057536944747,0.40188930807635187,2.145860398314894
nsl,2,DoS,flag,Basic,0.9296044701524079,0.8949944818206131,0.8870077428594232,1.8074047100581223
nsl,2,DoS,src_bytes,Basic,0.36977242305874825,0.36977242305874825,0.3680579869449139,0.8193913520947096
nsl,2,DoS,dst_bytes,Basic,0.2410927177220583,0.2410927177220583,0.23628089545294642,0.28468520116806034
nsl,2,DoS,land,Basic,0.0,0.0,0.0,0.00014981824031565338
nsl,2,DoS,wrong_fragment,Basic,0.03227548493305221,0.0022497664554975926,0.03138000297476538,0.06257979838596656
nsl,2,DoS,urgent,Basic,0.0,0.0,0.0,0.0003309228416801491
nsl,2,DoS,hot,Content,0.09821902992669493,0.082547800517641,0.10355637038243003,0.07299222610599826
nsl,2,DoS,num_failed_logins,Content,0.0,0.0,0.0,0.0060514379902742825
nsl,2,DoS,logged_in,Content,0.9822723400592804,0.8857334840297699,0.9595104092359543,0.07471064338088035
nsl,2,DoS,num_compromised,Content,0.12410142004489899,0.1042900413274765,0.12490001246333123,0.0474550996196049
nsl,2,DoS,root_shell,Content,0.008214702382683754,0.008214702382683754,0.00809996206779033,0.006623043394181879
nsl,2,DoS,su_attempted,Content,0.0,0.0,0.0,3.9713844220386825e-05
nsl,2,DoS,num_root,Content,0.000748049282701686,-0.0001543064380530268,0.0006186088803224266,0.008475437599889118
nsl,2,DoS,num_file_creations,Content,0.005192229730309919,0.005192229730309919,0.005143922843271867,0.010878964435349187
nsl,2,DoS,num_shells,Content,0.0,0.0,0.0,0.00028550248339888654
nsl,2,DoS,num_access_files,Content,0.0,0.0,0.0,0.004101617503649323
nsl,2,DoS,is_host_login,Content,0.0,0.0,0.0,0.0
nsl,2,DoS,is_guest_login,Content,0.007854758226312698,0.007854758226312698,0.00803724222816527,0.0038211710285395383
nsl,2,DoS,count,Time,0.6688718929886818,0.6468694153428077,0.6663794523477554,1.45704521836061
nsl,2,DoS,srv_count,Time,0.47415335170924666,0.33146931253373624,0.4440589367225766,0.5260414666344877
nsl,2,DoS,serror_rate,Time,0.29204662930453196,0.19611309326952323,0.3087952183606103,0.09774152075007436
nsl,2,DoS,srv_serror_rate,Time,0.32134590910747646,0.29010475471615793,0.3420019952673465,0.0927275729619614
nsl,2,DoS,rerror_rate,Time,0.5593100816849619,0.5229766845051199,0.5861953832372092,0.02519558840354876
nsl,2,DoS,srv_rerror_rate,Time,0.4330750546604395,0.377010041102767,0.4567034050822258,0.0016476410857940212
nsl,2,DoS,same_srv_rate,Time,0.22519058240577577,0.20627007724717258,0.22412294405512512,0.2125117363729515
nsl,2,DoS,diff_srv_rate,Time,0.49596418426372113,0.484100926509127,0.4720739540271461,0.1687995881623646
nsl,2,DoS,srv_diff_host_rate,Time,0.05259059863397852,0.02732802213402465,0.048692154677119105,0.029364581445377555
nsl,2,DoS,dst_host_count,Host,0.03245797768118791,0.016898678553989157,0.032828707741573454,0.12388390182610592
nsl,2,DoS,dst_host_srv_count,Host,0.278791165407747,-0.035445252042263745,0.29055133745074274,0.19015548361954282
nsl,2,DoS,dst_host_same_srv_rate,Host,0.12870855011045934,0.09540234917774797,0.12963903477182612,0.17632429495360707
nsl,2,DoS,dst_host_diff_srv_rate,Host,0.3083642826601863,0.27115970466285944,0.31322988590225576,0.46958390696207075
nsl,2,DoS,dst_host_same_src_port_rate,Host,0.1792111823661253,0.14976082953158765,0.18608223427087067,0.37299192524421954
nsl,2,DoS,dst_host_srv_diff_host_rate,Host,0.13837394014000892,0.11982414623722434,0.14382285659899935,0.09949433384044093
nsl,2,DoS,dst_host_serror_rate,Host,0.4006702010892332,0.16297145513817668,0.4177126292511821,0.49882967429980624
nsl,2,DoS,dst_host_srv_serror_rate,Host,0.40238383919931947,0.18222296980209648,0.4161141672171652,0.186703536837158
nsl,2,DoS,dst_host_rerror_rate,Host,0.765296622752212,0.7301895784167572,0.8299831578345038,0.8012084962353109
nsl,2,DoS,dst_host_srv_rerror_rate,Host,0.13827285077422857,0.11342472275719047,0.15558968716301025,0.05207217732102434
nsl,2,Normal,duration,Basic,0.03141356447013095,-0.0012089354754425585,0.029713327675126494,0.14998801244900087
nsl,2,Normal,protocol_type,Basic,0.17189141339622438,0.16416548199020325,0.16694493159186094,0.16436875786492602
nsl,2,Normal,service,Basic,0.5370460197329521,0.5370460197329521,0.5060366633906961,3.8032481165528305
nsl,2,Normal,flag,Basic,0.2204967872798443,0.21832104697823523,0.21069369219243528,0.3521565042338335
nsl,2,Normal,src_bytes,Basic,0.5590751326829195,0.5350764191895724,0.5613734844326973,1.6034327874518925
nsl,2,Normal,dst_bytes,Basic,0.1545358052290976,-0.054319337299093606,0.18284643066115677,0.39502444714889867
nsl,2,Normal,land,Basic,0.0,0.0,0.0,7.609403556125471e-05
nsl,2,Normal,wrong_fragment,Basic,0.012174313901923597,0.012104646605439483,0.01438917021267116,0.02744106016727164
nsl,2,Normal,urgent,Basic,0.0,0.0,0.0,0.00037547847151290646
nsl,2,Normal,hot,Content,0.060835299156606196,0.026880447529256345,0.05747001506388187,0.2226451115515082
nsl,2,Normal,num_failed_logins,Content,0.0,0.0,0.0,0.0038050388386473067
nsl,2,Normal,logged_in,Content,1.0274465367943049,0.9572533573955297,1.1049140299856663,0.1297916771797464
nsl,2,Normal,num_compromised,Content,0.009158067740499973,0.009158067740499973,0.004444828337291255,0.028988117123779376
nsl,2,Normal,root_shell,Content,0.004128810449037701,0.004128810449037701,0.004531920577865094,0.009600356633309272
nsl,2,Normal,su_attempted,Content,0.0,0.0,0.0,0.00010836960881715639
nsl,2,Normal,num_root,Content,0.0010661502176662907,0.0010257188667310401,0.0008112391276517883,0.02417486447859846
nsl,2,Normal,num_file_creations,Content,0.002796805357793346,0.002796805357793346,0.001143179944556323,0.037230317907524284
nsl,2,Normal,num_shells,Content,0.0,0.0,0.0,0.001151673507207306
nsl,2,Normal,num_access_files,Content,0.0,0.0,0.0,0.005330925867892802
nsl,2,Normal,is_host_login,Content,0.0,0.0,0.0,0.0
nsl,2,Normal,is_guest_login,Content,0.009178235521540045,0.007723095929250121,0.011239105073618702,0.006922609487548474
nsl,2,Normal,count,Time,0.2582395572587848,0.0428679271414876,0.2689642842113972,0.31817077726125725
nsl,2,Normal,srv_count,Time,0.1496578835742548,0.036182517637498676,0.1583648391580209,0.051341274802805856
nsl,2,Normal,serror_rate,Time,0.06893333059502765,0.06793587381020189,0.07860778254340403,0.01941367662287667
nsl,2,Normal,srv_serror_rate,Time,0.22358946003019808,0.22358946003019808,0.24371252760291098,0.03395382103327938
nsl,2,Normal,rerror_rate,Time,0.11979167520999909,0.11979167520999909,0.1274055400490761,0.029144311313462824
nsl,2,Normal,srv_rerror_rate,Time,0.08763381339609623,0.08763381339609623,0.08982458304613829,0.0009404764737228104
nsl,2,Normal,same_srv_rate,Time,0.14721435315907003,0.13953676827251912,0.15585289128124713,0.04871880388862337
nsl,2,Normal,diff_srv_rate,Time,0.23741021417081357,0.23741021417081357,0.24706933096051217,0.07169298007435283
nsl,2,Normal,srv_diff_host_rate,Time,0.27010706413537267,0.18520145621150733,0.27116326363757254,0.019296385325724263
nsl,2,Normal,dst_host_count,Host,0.07973850236739963,0.02519191856030375,0.081282944441773,0.16396037142933342
nsl,2,Normal,dst_host_srv_count,Host,0.27214655798859894,0.23836844918318092,0.29072966719977555,0.8027948083998635
nsl,2,Normal,dst_host_same_srv_rate,Host,0.1344781882222742,0.11619432055391371,0.14672294654883444,0.34835422741994265
nsl,2,Normal,dst_host_diff_srv_rate,Host,0.05895275188609958,0.0036085453862324357,0.061094156738836315,0.24313114160532126
nsl,2,Normal,dst_host_same_src_port_rate,Host,0.22335288832895459,0.17807234798558055,0.2334771781321615,0.2103002513097597
nsl,2,Normal,dst_host_srv_diff_host_rate,Host,0.20311149184592067,0.08322377682663501,0.20681601529940963,0.11624192556552587
nsl,2,Normal,dst_host_serror_rate,Host,0.18800639921799303,0.18775581581518053,0.17588556323200463,0.09761449569091202
nsl,2,Normal,dst_host_srv_serror_rate,Host,0.29845158085227014,0.29845158085227014,0.2996725483238697,0.13449748358693614
nsl,2,Normal,dst_host_rerror_rate,Host,0.21706310588866473,0.14135669205337764,0.21361255835741758,0.15680537786427884
nsl,2,Normal,dst_host_srv_rerror_rate,Host,0.015859433384612202,-0.013095810287632048,0.01833846860798076,0.00494041984420619
nsl,2,Probe,duration,Basic,0.017811470336746425,-0.014599389408249407,0.017887069245334716,0.0872529027623823
nsl,2,Probe,protocol_type,Basic,0.254096769640455,0.2515564410167281,0.271423824056983,0.11286289489828047
nsl,2,Probe,service,Basic,0.8456199809908866,0.8091960719227791,0.8721957884728908,2.1262702126204966
nsl,2,Probe,flag,Basic,0.6138099990040063,0.5426153061538934,0.6218172605521977,0.5349701581122356
nsl,2,Probe,src_bytes,Basic,0.8912399782985448,0.8912399782985448,0.9489130938053131,1.648743479449302
nsl,2,Probe,dst_bytes,Basic,0.3578575448691845,0.22735268428921698,0.381812199652195,0.3789898382287939
nsl,2,Probe,land,Basic,0.0,0.0,0.0,0.0001962340965710609
nsl,2,Probe,wrong_fragment,Basic,0.025400273129343988,0.025400273129343988,0.027241363702341915,0.030741899124346658
nsl,2,Probe,urgent,Basic,0.0,0.0,0.0,0.0003646373936499008
nsl,2,Probe,hot,Content,0.012338409558869898,0.012338409558869898,0.01133150156121701,0.047830159113276774
nsl,2,Probe,num_failed_logins,Content,0.0,0.0,0.0,0.0075141020789742455
nsl,2,Probe,logged_in,Content,0.8936528092622757,0.8936528092622757,0.8705939817428588,0.0956955165344989
nsl,2,Probe,num_compromised,Content,0.005665372586809099,-0.005665372586809099,0.004590613485779613,0.006653439569869076
nsl,2,Probe,root_shell,Content,0.005740028978325426,0.005740028978325426,0.005895545086823404,0.007023362797888696
nsl,2,Probe,su_attempted,Content,0.0,0.0,0.0,4.3061846532509625e-05
nsl,2,Probe,num_root,Content,0.002852018668781966,-0.002852018668781966,0.003176554380916059,0.0047661987325846
nsl,2,Probe,num_file_creations,Content,0.0026718616322614253,0.0026718616322614253,0.0024445804872084407,0.013661341325190743
nsl,2,Probe,num_shells,Content,0.0,0.0,0.0,6.397259226650936e-05
nsl,2,Probe,num_access_files,Content,0.0,0.0,0.0,0.0035953063679917234
nsl,2,Probe,is_host_login,Content,0.0,0.0,0.0,0.0
nsl,2,Probe,is_guest_login,Content,0.002488009712251369,0.002488009712251369,0.00414153938065283,0.0031516466314205904
nsl,2,Probe,count,Time,0.21964227062650024,0.16908154132775963,0.20475696480367334,0.33670422271266576
nsl,2,Probe,srv_count,Time,0.3235518949944526,-0.11868852154351771,0.38569477648474276,0.10960038950084704
nsl,2,Probe,serror_rate,Time,0.20871341301128268,0.15763876447454095,0.21368049064651132,0.035330910174237944
nsl,2,Probe,srv_serror_rate,Time,0.141301126901526,0.049224534034729005,0.15910906683886425,0.02337877044282505
nsl,2,Probe,rerror_rate,Time,0.6756011416576803,0.4746927724219859,0.6806389983743429,0.1447379869596771
nsl,2,Probe,srv_rerror_rate,Time,0.10631623911671341,0.06555561036802829,0.101309176357463,0.0030978182560102135
nsl,2,Probe,same_srv_rate,Time,0.3481634640134871,0.26820202117785813,0.3669391828030348,0.10800325015420094
nsl,2,Probe,diff_srv_rate,Time,0.920789512526244,0.8528047597594559,0.9432664562575519,0.6764722963195529
nsl,2,Probe,srv_diff_host_rate,Time,0.15783194661140443,0.15783194661140443,0.14829253919422627,0.009867700228234754
nsl,2,Probe,dst_host_count,Host,0.042163483020849525,0.024633523463271557,0.04147318816045299,0.26978763748961493
nsl,2,Probe,dst_host_srv_count,Host,0.209829288367182,-0.16723225641995668,0.19800344677641987,0.18206304058386014
nsl,2,Probe,dst_host_same_srv_rate,Host,0.5866528563201427,0.5126371844112874,0.6083130736276507,0.5526143520623448
nsl,2,Probe,dst_host_diff_srv_rate,Host,1.0869437797786667,1.039547949335538,1.1078622543811798,1.4511871213428673
nsl,2,Probe,dst_host_same_src_port_rate,Host,0.57545884299092,0.5052876094635576,0.584045282760635,0.33857384588336603
nsl,2,Probe,dst_host_srv_diff_host_rate,Host,0.24235992593690753,0.09841006522998214,0.24233542333357036,0.051958638641051956
nsl,2,Probe,dst_host_serror_rate,Host,0.17869615038856865,0.07525610165670514,0.1821005360595882,0.6292981485445054
nsl,2,Probe,dst_host_srv_serror_rate,Host,0.15735683466307818,-0.046385412104427814,0.1610560763021931,0.052447953513299554
nsl,2,Probe,dst_host_rerror_rate,Host,0.9262162612378597,0.697561497837305,0.9470559388399125,0.4927425380973146
nsl,2,Probe,dst_host_srv_rerror_rate,Host,0.09670455848565325,-0.03590274183778092,0.10109711372060701,0.01333108126088336
nsl,2,R2L,duration,Basic,0.16349101007799619,0.03719467574846931,0.171808987907134,0.3128932073209435
nsl,2,R2L,protocol_type,Basic,0.09320525018498302,0.09320525018498302,0.09898321464657783,0.11449653002992274
nsl,2,R2L,service,Basic,0.6557378490641713,0.19532619198784232,0.6944073799997568,2.213855509724468
nsl,2,R2L,flag,Basic,0.15037937665358186,0.150017345007509,0.15587679777061567,0.2572776506415103
nsl,2,R2L,src_bytes,Basic,0.6218630577996374,0.22972658675163984,0.6327469126228243,0.7026258156970142
nsl,2,R2L,dst_bytes,Basic,0.2948392757773399,0.0524392431974411,0.3002989056706429,0.1870624878639355
nsl,2,R2L,land,Basic,0.0,0.0,0.0,5.536743924585605e-05
nsl,2,R2L,wrong_fragment,Basic,0.004050730304734316,0.003832531236403156,0.0034794357500504704,0.024033488695975387
nsl,2,R2L,urgent,Basic,0.0,0.0,0.0,0.002623754508505953
nsl,2,R2L,hot,Content,0.14845303114503622,0.09550874654203653,0.16118534134700893,0.32619276748900305
nsl,2,R2L,num_failed_logins,Content,0.5177370893955231,0.5177370893955231,0.5260905957221985,0.11458157280436719
nsl,2,R2L,logged_in,Content,0.9528230717778206,0.5019726404547691,0.986474537551403,0.14414732038741934
nsl,2,R2L,num_compromised,Content,0.011535505149513483,0.011535505149513483,0.01385725300759077,0.011894472960731949
nsl,2,R2L,root_shell,Content,0.0015700349183316576,-0.0014389047153963474,0.0019498194906191202,0.008532937391544695
nsl,2,R2L,su_attempted,Content,0.0,0.0,0.0,0.00013150003962800828
nsl,2,R2L,num_root,Content,0.005045197098515928,0.005045197098515928,0.005703294477425516,0.005628994108203188
nsl,2,R2L,num_file_creations,Content,0.01015074419832672,-0.009913692611298756,0.011066020748112351,0.011155412288164374
nsl,2,R2L,num_shells,Content,0.0,0.0,0.0,0.0036956982283154497
nsl,2,R2L,num_access_files,Content,0.0,0.0,0.0,0.01376708597980905
nsl,2,R2L,is_host_login,Content,0.0,0.0,0.0,0.0
nsl,2,R2L,is_guest_login,Content,0.18490922352764755,0.160768785267137,0.21185917116235942,0.1693206495777704
nsl,2,R2L,count,Time,0.4971983553469181,0.4971983553469181,0.48892988070845605,0.41262177138612616
nsl,2,R2L,srv_count,Time,0.22907752661034464,0.22439595667645335,0.22010381560772657,0.09771184637327673
nsl,2,R2L,serror_rate,Time,0.04169310789555311,-0.040140042863786224,0.040949485171586274,0.01619470236296183
nsl,2,R2L,srv_serror_rate,Time,0.07789693897590041,0.07586377521976828,0.07356533505953848,0.030332729186993673
nsl,2,R2L,rerror_rate,Time,0.03511852436698973,0.033646354181692005,0.03792628625407815,0.026140610613976604
nsl,2,R2L,srv_rerror_rate,Time,0.06305784709751606,-0.034506618455052374,0.06271644242107868,0.0008956440039619343
nsl,2,R2L,same_srv_rate,Time,0.10045419178903103,0.09878034882247448,0.10063726745545865,0.02568918776861392
nsl,2,R2L,diff_srv_rate,Time,0.08445500630885362,0.07815684217959643,0.08352424673736096,0.03700050670362543
nsl,2,R2L,srv_diff_host_rate,Time,0.05303424946963787,0.047319434210658075,0.05608589269220829,0.011963244694168682
nsl,2,R2L,dst_host_count,Host,0.11832025500945748,0.047300185384228824,0.12050027440767735,0.14841285947291186
nsl,2,R2L,dst_host_srv_count,Host,0.3986691190674901,0.052924821935594085,0.4042264824081212,0.16189458467834633
nsl,2,R2L,dst_host_same_srv_rate,Host,0.15375695429742336,0.07439696597401052,0.15749293889151886,0.19264846152951948
nsl,2,R2L,dst_host_diff_srv_rate,Host,0.1468893252685666,0.09669359553605318,0.15252935662865638,0.1760034185452387
nsl,2,R2L,dst_host_same_src_port_rate,Host,0.24063111878000198,0.13173429992981256,0.24106902097351848,0.36199967859208115
nsl,2,R2L,dst_host_srv_diff_host_rate,Host,0.10293951041065157,0.06486547383014113,0.10520509358029813,0.16612392584129704
nsl,2,R2L,dst_host_serror_rate,Host,0.1379993083770387,0.09755107902688906,0.1378998727258295,0.1766719135940075
nsl,2,R2L,dst_host_srv_serror_rate,Host,0.09295030526351183,0.07179008283652365,0.09125847567804157,0.056038621775966024
nsl,2,R2L,dst_host_rerror_rate,Host,0.2029678675159812,0.11191460575908423,0.20544570043683053,0.058481105866609144
nsl,2,R2L,dst_host_srv_rerror_rate,Host,0.1056553916586563,-0.06534996861126274,0.1023377040354535,0.021766890060447627
nsl,2,U2R,duration,Basic,0.7455995569534197,0.7121795020569619,0.7575473617762327,0.28765484976922034
nsl,2,U2R,protocol_type,Basic,0.054124302306287994,-0.042857726029044876,0.04830390484877736,0.036365522610376004
nsl,2,U2R,service,Basic,1.1868917968224835,0.988762663224259,1.20395592136963,1.6345046861046875
nsl,2,U2R,flag,Basic,0.27497289601612734,0.27497289601612734,0.28068135900271907,0.25849477970670603
nsl,2,U2R,src_bytes,Basic,0.3819280739974331,-0.3225913021612812,0.4060377702116966,0.3134224256198551
nsl,2,U2R,dst_bytes,Basic,0.6461300510988647,0.5378205933910165,0.6537094978817009,0.7477837097057065
nsl,2,U2R,land,Basic,0.0,0.0,0.0,5.455748522689571e-05
nsl,2,U2R,wrong_fragment,Basic,0.00870988201161192,0.007396292340992069,0.008294504947607985,0.02322250223101897
nsl,2,U2R,urgent,Basic,0.028674248102548962,-0.028674248102548962,0.030643872312597326,0.005622738810770159
nsl,2,U2R,hot,Content,0.36481252033263445,0.3481294787866441,0.37537784990225287,0.04969833174065964
nsl,2,U2R,num_failed_logins,Content,0.03388271138474748,-0.018681310318611765,0.033674258638072656,0.022681620655065356
nsl,2,U2R,logged_in,Content,0.5655490820472305,0.3935997888848588,0.6008650112796474,0.1526963262189482
nsl,2,U2R,num_compromised,Content,0.2369586394232937,0.06421746406940164,0.25206661145548914,0.13499443884876028
nsl,2,U2R,root_shell,Content,1.5141158551984542,1.5009458068053465,1.5509116619674337,0.7331632640725633
nsl,2,U2R,su_attempted,Content,0.0,0.0,0.0,0.0019325970087437957
nsl,2,U2R,num_root,Content,0.25352223056236384,-0.001594490697292762,0.25291922442753473,0.14296121135590215
nsl,2,U2R,num_file_creations,Content,0.8839526561818816,0.8715960851845306,0.9183840178758711,0.3437197897907322
nsl,2,U2R,num_shells,Content,0.05102264840860624,0.05102264840860624,0.052866479432260666,0.020290417155578132
nsl,2,U2R,num_access_files,Content,0.037700521784859733,-0.037700521784859733,0.03551808966172708,0.015282733982343958
nsl,2,U2R,is_host_login,Content,0.0022709029349120887,0.0022709029349120887,0.003389399599384617,0.0
nsl,2,U2R,is_guest_login,Content,0.029609546090501385,0.029609546090501385,0.027486855063486745,0.06795385544175736
nsl,2,U2R,count,Time,0.21611642716704188,0.21611642716704188,0.21706026591159203,0.18771345497335531
nsl,2,U2R,srv_count,Time,0.6917794620668566,0.6917794620668566,0.678763028737661,0.0719623316645723
nsl,2,U2R,serror_rate,Time,0.08422778899202475,0.08422778899202475,0.07893021283922969,0.01662829659700848
nsl,2,U2R,srv_serror_rate,Time,0.24824229647984375,0.24824229647984375,0.2393456113499564,0.029959849375370905
nsl,2,U2R,rerror_rate,Time,0.1455655933634655,0.1455655933634655,0.14144759987657135,0.024509796713352218
nsl,2,U2R,srv_rerror_rate,Time,0.0789442725882337,0.0789442725882337,0.07555566003193727,0.0013904718307753065
nsl,2,U2R,same_srv_rate,Time,0.03845667823947765,0.03845667823947765,0.040062233176384424,0.03164938317023444
nsl,2,U2R,diff_srv_rate,Time,0.023222978843527066,-0.023222978843527066,0.022216321050969733,0.03583751906533851
nsl,2,U2R,srv_diff_host_rate,Time,0.033239410472782074,0.033239410472782074,0.02914321795735206,0.0022571890747073936
nsl,2,U2R,dst_host_count,Host,0.12639209718720332,0.00486067048198468,0.13380745254658363,0.42368023125140153
nsl,2,U2R,dst_host_srv_count,Host,0.5729234474333557,0.3208630763598391,0.5704050091271465,0.9460939259992005
nsl,2,U2R,dst_host_same_srv_rate,Host,0.2549427184905555,-0.147773715793281,0.2581305983602195,0.08267103196625171
nsl,2,U2R,dst_host_diff_srv_rate,Host,0.42482189284134153,-0.2626642897548909,0.42838781347145904,0.48371617002664385
nsl,2,U2R,dst_host_same_src_port_rate,Host,0.16475108141280911,-0.004339393467415829,0.16276840357160247,0.09815983683676333
nsl,2,U2R,dst_host_srv_diff_host_rate,Host,0.1724184112170258,0.017782421228853432,0.1743630174346067,0.14013185255682553
nsl,2,U2R,dst_host_serror_rate,Host,0.259258265179154,-0.06832894627508279,0.2631740276072476,0.3842877759900247
nsl,2,U2R,dst_host_srv_serror_rate,Host,0.0811201066055612,-0.07321496102707209,0.08816381735802703,0.07780717549105395
nsl,2,U2R,dst_host_rerror_rate,Host,0.20795900852897684,-0.10654381979760286,0.21399970783071742,0.20128449366516057
nsl,2,U2R,dst_host_srv_rerror_rate,Host,0.07928049604949616,-0.018915066838491004,0.08140710890418976,0.007261367196003226
nsl,3,DoS,duration,Basic,0.021238123329821973,0.016538279356900602,0.02355823597172275,0.09877905261411797
nsl,3,DoS,protocol_type,Basic,0.23298744418658315,0.232818214436993,0.2705659857345745,0.14744635337172077
nsl,3,DoS,service,Basic,0.32781752666458486,0.28701565900817516,0.3627613141387701,2.1697813056427986
nsl,3,DoS,flag,Basic,1.0082359052356333,0.9605645296629518,1.1332872450258582,1.949939522981644
nsl,3,DoS,src_bytes,Basic,0.6524067932367325,0.6524067932367325,0.6928980291634798,0.8493172635063527
nsl,3,DoS,dst_bytes,Basic,0.274073052033782,0.274073052033782,0.2757795674353838,0.3293170946696773
nsl,3,DoS,land,Basic,0.0,0.0,0.0,0.0038257995116582587
nsl,3,DoS,wrong_fragment,Basic,0.03559944668755634,0.020464854644087607,0.0344845974627242,0.0686569891006966
nsl,3,DoS,urgent,Basic,0.0,0.0,0.0,0.00015679403885224014
nsl,3,DoS,hot,Content,0.12612858499051072,0.11500900000915863,0.12753209174843505,0.06898740235506556
nsl,3,DoS,num_failed_logins,Content,0.0,0.0,0.0,0.0048979462587740285
nsl,3,DoS,logged_in,Content,0.8771186661720276,0.7175187873840332,0.8320408594608307,0.08965050740353768
nsl,3,DoS,num_compromised,Content,0.09848694666754454,0.08710073605645448,0.0976727836765349,0.04826734478572143
nsl,3,DoS,root_shell,Content,0.007416549948975444,0.007416549948975444,0.004694306079763919,0.01054409716586815
nsl,3,DoS,su_attempted,Content,0.0,0.0,0.0,0.00019364034919999544
nsl,3,DoS,num_root,Content,0.002314818746817764,0.0022528389617218637,0.0010673930098710116,0.009285569989966458
nsl,3,DoS,num_file_creations,Content,0.0027448996668681504,0.0027448996668681504,0.0031174536945763973,0.023421354170393895
nsl,3,DoS,num_shells,Content,0.0,0.0,0.0,0.0019270578566938637
nsl,3,DoS,num_access_files,Content,0.0,0.0,0.0,0.005383654578385173
nsl,3,DoS,is_host_login,Content,0.0,0.0,0.0,0.0
nsl,3,DoS,is_guest_login,Content,0.004340953818755224,0.003283193038078025,0.0035319291488849556,0.001177569736726582
nsl,3,DoS,count,Time,0.5743048213422298,0.553778725117445,0.6011470419168472,1.5274498206875287
nsl,3,DoS,srv_count,Time,0.38562417138367894,0.2859942292049527,0.36622471215203406,0.5665499773919583
nsl,3,DoS,serror_rate,Time,0.3452657560736407,0.30554588041617536,0.33435500239022076,0.15353922059681283
nsl,3,DoS,srv_serror_rate,Time,0.18726778979878872,0.158989225118421,0.17439902290236206,0.09025493723802723
nsl,3,DoS,rerror_rate,Time,0.4156282320281025,0.4065516997606028,0.43588242822617757,0.032009551189548804
nsl,3,DoS,srv_rerror_rate,Time,0.38861162461340426,0.372803466534242,0.39373545737704263,0.0035429772087081798
nsl,3,DoS,same_srv_rate,Time,0.19263626255095004,0.19263626255095004,0.15568180935457349,0.25006073962920344
nsl,3,DoS,diff_srv_rate,Time,0.548843400683254,0.5452063907310367,0.4880825442261994,0.18699830722709887
nsl,3,DoS,srv_diff_host_rate,Time,0.07666260282509028,0.06397597503848373,0.08057127948850393,0.03498862321005435
nsl,3,DoS,dst_host_count,Host,0.06957300576847046,0.058728604526259005,0.06569934687111527,0.13488088855333624
nsl,3,DoS,dst_host_srv_count,Host,0.17957485490478575,0.015751793617382645,0.1859282311424613,0.20841704921703783
nsl,3,DoS,dst_host_same_srv_rate,Host,0.2593413609173149,0.24457893832586705,0.27258599034510556,0.17403883392643185
nsl,3,DoS,dst_host_diff_srv_rate,Host,0.2900403112452477,0.26470069472678004,0.31299579090438784,0.480843217614107
nsl,3,DoS,dst_host_same_src_port_rate,Host,0.25285445054993033,0.22885960867628455,0.260396118927747,0.37074395861849196
nsl,3,DoS,dst_host_srv_diff_host_rate,Host,0.0927814650197979,0.07676672175875865,0.08292364463908598,0.1534004805330187
nsl,3,DoS,dst_host_serror_rate,Host,0.3861050581978634,0.2375084137963131,0.3890920526860282,0.5186092154793441
nsl,3,DoS,dst_host_srv_serror_rate,Host,0.31276294603943827,0.26693176589906215,0.30273051428375763,0.2122817723010666
nsl,3,DoS,dst_host_rerror_rate,Host,1.05601463124156,1.0163853027671577,0.9810282058874145,0.6747599460547792
nsl,3,DoS,dst_host_srv_rerror_rate,Host,0.24623917158693076,0.23065220829099417,0.2696011178568006,0.02273309261631221
nsl,3,Normal,duration,Basic,0.026510220177005977,-0.0049668934312649075,0.029286887189373376,0.14658545132810835
nsl,3,Normal,protocol_type,Basic,0.07213708522263915,0.05151624616701156,0.07249309825827367,0.16980326724657785
nsl,3,Normal,service,Basic,0.6070317164063453,0.58735938757658,0.5993068563938141,3.7943643017411235
nsl,3,Normal,flag,Basic,0.3594912192225456,0.3580402806401253,0.39448883816599845,0.35896359108760956
nsl,3,Normal,src_bytes,Basic,0.43824700452387333,0.4178368470817804,0.39751523235812786,1.7200098056346171
nsl,3,Normal,dst_bytes,Basic,0.11284900769824162,0.03651223747758195,0.12010447428561748,0.4596487591220066
nsl,3,Normal,land,Basic,0.0,0.0,0.0,0.0028851208760170273
nsl,3,Normal,wrong_fragment,Basic,0.007064987207413651,0.007064987207413651,0.007140055075869896,0.02786067322168492
nsl,3,Normal,urgent,Basic,0.0,0.0,0.0,0.00021663753727625595
nsl,3,Normal,hot,Content,0.07083785217255353,0.028426589779555797,0.06736591987311841,0.21259601389244204
nsl,3,Normal,num_failed_logins,Content,0.0,0.0,0.0,0.0032562532726442446
nsl,3,Normal,logged_in,Content,1.2229931932687759,1.0977437323331833,1.194205442070961,0.1082954184887931
nsl,3,Normal,num_compromised,Content,0.007388073818292469,0.007388073818292469,0.007029058390762657,0.04020310961928045
nsl,3,Normal,root_shell,Content,0.004370094139594585,0.004370094139594585,0.006471446729265153,0.017984479066333735
nsl,3,Normal,su_attempted,Content,0.0,0.0,0.0,0.0002135365245048889
nsl,3,Normal,num_root,Content,0.0005111108220444293,0.00022198190934432204,0.00077988387492951,0.03041356907069349
nsl,3,Normal,num_file_creations,Content,0.004653710476122797,0.004653710476122797,0.003998189675621688,0.05182023518806092
nsl,3,Normal,num_shells,Content,0.0,0.0,0.0,0.0028714123661629848
nsl,3,Normal,num_access_files,Content,0.0,0.0,0.0,0.007985898467188232
nsl,3,Normal,is_host_login,Content,0.0,0.0,0.0,0.0
nsl,3,Normal,is_guest_login,Content,0.01599780679214746,0.015961009240709246,0.015989516063127665,0.008499488488771021
nsl,3,Normal,count,Time,0.21045907001011074,0.05281533268280327,0.20636056376621126,0.30181583527382455
nsl,3,Normal,srv_count,Time,0.18018646321725101,0.09145926719997079,0.18745988660492002,0.06847943884995765
nsl,3,Normal,serror_rate,Time,0.3340464809536934,0.3340464809536934,0.3358801798522472,0.033706600422872726
nsl,3,Normal,srv_serror_rate,Time,0.11714483212679624,0.11714483212679624,0.12336806166917086,0.03352808130565973
nsl,3,Normal,rerror_rate,Time,0.13080321285873653,0.13080321285873653,0.14078537292778492,0.024187703417686855
nsl,3,Normal,srv_rerror_rate,Time,0.10389805238693953,0.10389805238693953,0.10749935261905193,0.008187092765307165
nsl,3,Normal,same_srv_rate,Time,0.27518246229737997,0.268294249586761,0.28944087963551285,0.061416269055800526
nsl,3,Normal,diff_srv_rate,Time,0.1563154642470181,0.1535551600344479,0.17004871907876803,0.06753228599682916
nsl,3,Normal,srv_diff_host_rate,Time,0.1467945366515778,0.10961298043141142,0.1409371061832644,0.03085362419579177
nsl,3,Normal,dst_host_count,Host,0.13561980397906154,0.018628089712001382,0.14106890139169992,0.16818399803433562
nsl,3,Normal,dst_host_srv_count,Host,0.3017970156110823,0.2652275494299829,0.32338568262755873,0.8433530605006959
nsl,3,Normal,dst_host_same_srv_rate,Host,0.22345321497879922,0.20527837430126966,0.2305326769920066,0.27454507520585314
nsl,3,Normal,dst_host_diff_srv_rate,Host,0.0860770923923701,0.07034938716329635,0.09816403151024133,0.27655849073454736
nsl,3,Normal,dst_host_same_src_port_rate,Host,0.18182932080700995,0.12843102457001807,0.18557919651269913,0.3184466756414621
nsl,3,Normal,dst_host_srv_diff_host_rate,Host,0.17046560360118745,0.06144081479404122,0.1725127356033772,0.16507103425450625
nsl,3,Normal,dst_host_serror_rate,Host,0.09113523956388235,0.04533449318259954,0.08672999349422753,0.12161176649481062
nsl,3,Normal,dst_host_srv_serror_rate,Host,0.2590472595207393,0.2579380194656551,0.2654311894625425,0.13380382466316226
nsl,3,Normal,dst_host_rerror_rate,Host,0.22700861565768718,0.12229947201907634,0.23245954789221288,0.1650887502580881
nsl,3,Normal,dst_host_srv_rerror_rate,Host,0.03898064062930644,0.0019956370582804085,0.03914537501521408,0.004308967425487939
nsl,3,Probe,duration,Basic,0.005666532288305461,0.0003695904789492488,0.005342226284556091,0.06270005368569402
nsl,3,Probe,protocol_type,Basic,0.20611323963385075,0.20283694309648126,0.23916957143461332,0.1411666494025849
nsl,3,Probe,service,Basic,0.8864093276113272,0.8823942591995001,0.9139210413955152,2.0642321868836877
nsl,3,Probe,flag,Basic,0.924705381244421,0.8751445235311985,0.8984978932142258,0.5197161542568355
nsl,3,Probe,src_bytes,Basic,0.9826988905668259,0.9826988905668259,1.0448749512434006,1.708907000742852
nsl,3,Probe,dst_bytes,Basic,0.17785530738998204,0.1682083564950153,0.1921068498166278,0.3394263971052133
nsl,3,Probe,land,Basic,0.0,0.0,0.0,0.0015975685136509143
nsl,3,Probe,wrong_fragment,Basic,0.02182395917363465,0.02182395917363465,0.022716260338202118,0.027067088207031697
nsl,3,Probe,urgent,Basic,0.0,0.0,0.0,0.00015836642290742022
nsl,3,Probe,hot,Content,0.019123282553628086,0.019123282553628086,0.02105944409966469,0.046766518244287
nsl,3,Probe,num_failed_logins,Content,0.0,0.0,0.0,0.0059401643341407155
nsl,3,Probe,logged_in,Content,0.7088092321157455,0.7088092321157455,0.648678994178772,0.113292604344897
nsl,3,Probe,num_compromised,Content,0.0003993741443264298,6.714103714330122e-05,0.0005317113472847268,0.015652279550413362
nsl,3,Probe,root_shell,Content,0.006157453088089824,0.006157453088089824,0.006595303104259074,0.010265332811410193
nsl,3,Probe,su_attempted,Content,0.0,0.0,0.0,0.0001759062537457795
nsl,3,Probe,num_root,Content,0.0005578938956023194,-0.00047662552999099716,0.001192657398059964,0.004533315119275361
nsl,3,Probe,num_file_creations,Content,0.0042412416799925265,0.0042412416799925265,0.0029598332988098265,0.03052664194413229
nsl,3,Probe,num_shells,Content,0.0,0.0,0.0,0.0014912807935615988
nsl,3,Probe,num_access_files,Content,0.0,0.0,0.0,0.003927567483216988
nsl,3,Probe,is_host_login,Content,0.0,0.0,0.0,0.0
nsl,3,Probe,is_guest_login,Content,0.0058730489970184865,0.0058730489970184865,0.0062020807876251634,0.001077898021787405
nsl,3,Probe,count,Time,0.246334769744426,0.2188249828107655,0.2644908853620291,0.2957561705000699
nsl,3,Probe,srv_count,Time,0.3285192321613431,-0.20644402917474508,0.3507000388391316,0.1294377031233162
nsl,3,Probe,serror_rate,Time,0.31693988732993605,0.314742139056325,0.31302704133093356,0.05367546190946451
nsl,3,Probe,srv_serror_rate,Time,0.09203767218161374,0.054787114206701515,0.09978787350235507,0.02346162559415099
nsl,3,Probe,rerror_rate,Time,0.6309297990472987,0.40708200223278257,0.5997871058341115,0.10912638407923807
nsl,3,Probe,srv_rerror_rate,Time,0.3649099352490157,0.2471516941767186,0.3465367194265127,0.005589234665909316
nsl,3,Probe,same_srv_rate,Time,0.7447197888162919,0.6761837010947056,0.7612991247791797,0.1238461478601675
nsl,3,Probe,diff_srv_rate,Time,0.9012039688229561,0.9012039688229561,0.8794899076223374,0.761476079557091
nsl,3,Probe,srv_diff_host_rate,Time,0.19024745587492362,0.18837296187644825,0.17661090482957661,0.004476444537052884
nsl,3,Probe,dst_host_count,Host,0.07400430016918108,0.010254297584760935,0.074500671683345,0.29332552761631075
nsl,3,Probe,dst_host_srv_count,Host,0.16862562757451088,-0.08399468750227243,0.19780160647351294,0.17700568891130383
nsl,3,Probe,dst_host_same_srv_rate,Host,1.2511250385642052,1.073072553575039,1.2503288400173187,0.6229654911423568
nsl,3,Probe,dst_host_diff_srv_rate,Host,1.3690749690774828,1.2911960455123335,1.3860154911549762,1.5448725939784202
nsl,3,Probe,dst_host_same_src_port_rate,Host,0.8705514532141387,0.7579530049674212,0.881602917984128,0.4149428944960236
nsl,3,Probe,dst_host_srv_diff_host_rate,Host,0.24622555961832404,0.16593746650964022,0.24603733701165764,0.06751766791939735
nsl,3,Probe,dst_host_serror_rate,Host,0.2411848421115428,0.0849803691636771,0.27370992470532657,0.6988108368422833
nsl,3,Probe,dst_host_srv_serror_rate,Host,0.4032095991820097,-0.2375335966795683,0.4001951997261494,0.04689468739368022
nsl,3,Probe,dst_host_rerror_rate,Host,1.0573416593298317,0.8176771638169885,1.0366384022310375,0.5354096990041435
nsl,3,Probe,dst_host_srv_rerror_rate,Host,0.19547240569954738,0.1326071881898679,0.22213303736876697,0.013615808019298134
nsl,3,R2L,duration,Basic,0.27631204870529474,0.15482202417217195,0.299903535596095,0.33070440534746753
nsl,3,R2L,protocol_type,Basic,0.18564259238541125,0.18564259238541125,0.18842744387686253,0.14995140761509534
nsl,3,R2L,service,Basic,0.6110418588435277,0.06188409169670194,0.6195264342799782,2.2002572879493245
nsl,3,R2L,flag,Basic,0.28743983233347536,-0.07800883289426565,0.31799789402633905,0.2631391054121776
nsl,3,R2L,src_bytes,Basic,0.28918694172054527,-0.1131545290723443,0.30665048426017166,0.6969453065246346
nsl,3,R2L,dst_bytes,Basic,0.41364209898747506,-0.3194398680794984,0.43369483469752595,0.16912589931301777
nsl,3,R2L,land,Basic,0.0,0.0,0.0,0.001047748001801665
nsl,3,R2L,wrong_fragment,Basic,0.007692131635267287,-0.007687181740766391,0.006477806778857485,0.025542578257140125
nsl,3,R2L,urgent,Basic,0.0,0.0,0.0,0.0004268770716553264
nsl,3,R2L,hot,Content,0.25624158842489125,0.20561951952055096,0.2714376105926931,0.31585982195299583
nsl,3,R2L,num_failed_logins,Content,0.39011596322059633,0.39011596322059633,0.4001688468456268,0.27102870074147356
nsl,3,R2L,logged_in,Content,1.2064653062820434,0.538621402978897,1.2533019769191742,0.14099055361747742
nsl,3,R2L,num_compromised,Content,0.011259816116653382,0.011259816116653382,0.012089339224621654,0.03011754408259366
nsl,3,R2L,root_shell,Content,0.001809710486268159,0.0016924799940898083,0.0013244479674904143,0.006162278957257511
nsl,3,R2L,su_attempted,Content,0.0,0.0,0.0,0.0011446920359740034
nsl,3,R2L,num_root,Content,0.0089806649251841,0.0089806649251841,0.009218068100744858,0.012997553320405131
nsl,3,R2L,num_file_creations,Content,0.0038452477680402807,-0.0003914119213004597,0.002851669155061245,0.011292966125765816
nsl,3,R2L,num_shells,Content,0.0,0.0,0.0,0.010891724506160239
nsl,3,R2L,num_access_files,Content,0.0,0.0,0.0,0.015934223669406496
nsl,3,R2L,is_host_login,Content,0.0,0.0,0.0,0.0
nsl,3,R2L,is_guest_login,Content,0.3618034937605262,0.3350653216615319,0.38816137350164354,0.13537148182373498
nsl,3,R2L,count,Time,0.5459217271208763,0.5459217271208763,0.5562885540723801,0.39974988850532106
nsl,3,R2L,srv_count,Time,0.6590418243408203,0.6590418243408203,0.676585823893547,0.1082838695169193
nsl,3,R2L,serror_rate,Time,0.09281213677721098,0.08360437507973983,0.10431567879393697,0.030492767709249167
nsl,3,R2L,srv_serror_rate,Time,0.05663755831075832,0.045279718979727476,0.05232585353776813,0.031059460743912505
nsl,3,R2L,rerror_rate,Time,0.07353841383010148,0.05501381237059832,0.0772825190424919,0.025743689270195314
nsl,3,R2L,srv_rerror_rate,Time,0.04535115860402584,0.03470613978803158,0.04704475851962343,0.0016251245281891898
nsl,3,R2L,same_srv_rate,Time,0.13065086226910352,0.12732487183064223,0.1334483901411295,0.03112109390960541
nsl,3,R2L,diff_srv_rate,Time,0.21155522510409355,0.19851760670542717,0.2280272537469864,0.047533205434621785
nsl,3,R2L,srv_diff_host_rate,Time,0.04588600221090019,0.03798193787224591,0.04914639526978135,0.015154254865075927
nsl,3,R2L,dst_host_count,Host,0.19074699867516756,0.06253237951546907,0.19904237231239677,0.16862975245248527
nsl,3,R2L,dst_host_srv_count,Host,0.3893120016902685,0.09300501219928264,0.4088248118385673,0.16984185670455915
nsl,3,R2L,dst_host_same_srv_rate,Host,0.2730815192312002,0.14021347016096114,0.2762186056189239,0.24140408176952036
nsl,3,R2L,dst_host_diff_srv_rate,Host,0.23921142578125,0.10933502059429884,0.252468539159745,0.16247022020118307
nsl,3,R2L,dst_host_same_src_port_rate,Host,0.2808616965636611,0.1792275657877326,0.2911184778437018,0.3310925650103018
nsl,3,R2L,dst_host_srv_diff_host_rate,Host,0.20535792623180896,0.12625944117549806,0.2128968815971166,0.19352409068925766
nsl,3,R2L,dst_host_serror_rate,Host,0.1500923601980321,0.03301182308467105,0.16171813989523798,0.2037957621850074
nsl,3,R2L,dst_host_srv_serror_rate,Host,0.33587185632437466,0.33587185632437466,0.3344509809091687,0.0455249926331453
nsl,3,R2L,dst_host_rerror_rate,Host,0.327344732908532,0.19579816701821984,0.34779244668781756,0.053818286294117564
nsl,3,R2L,dst_host_srv_rerror_rate,Host,0.17139871856197714,-0.10752986176870763,0.17921066667418928,0.01569355514389463
nsl,3,U2R,duration,Basic,0.7302965211298166,0.6481258727805186,0.7907202479844863,0.28191336825697666
nsl,3,U2R,protocol_type,Basic,0.09374142031663575,-0.07347164518275373,0.09423938222430847,0.055078022078787155
nsl,3,U2R,service,Basic,1.1486369741929543,1.1158802106573775,1.1881436016914007,1.7866271907413325
nsl,3,U2R,flag,Basic,0.41484398334412964,0.30202450260922714,0.4363184500787709,0.2677866892272455
nsl,3,U2R,src_bytes,Basic,0.6133128924144281,-0.35605104307870605,0.6478302705328207,0.34214281284225145
nsl,3,U2R,dst_bytes,Basic,0.6791919847899998,0.43365296565398975,0.7196447015110705,0.8300758495222073
nsl,3,U2R,land,Basic,0.0,0.0,0.0,0.0011648626886371118
nsl,3,U2R,wrong_fragment,Basic,0.006297494051977992,0.004415472937949203,0.005693104739514859,0.024976372181262797
nsl,3,U2R,urgent,Basic,0.0021339497856191687,-0.0021339497856191687,0.0011205452720861177,0.003479449072364258
nsl,3,U2R,hot,Content,0.2963666337340869,0.25399845019234596,0.31268708153652985,0.07348659519307518
nsl,3,U2R,num_failed_logins,Content,0.03303561178413597,0.03303561178413597,0.02683906695125876,0.01641055898287812
nsl,3,U2R,logged_in,Content,0.30769900489296464,0.2250087723840733,0.2880363665848366,0.1372061919748179
nsl,3,U2R,num_compromised,Content,0.1399414270559351,0.13944554334739223,0.1389385849124173,0.2683514443433228
nsl,3,U2R,root_shell,Content,1.4289995991448696,1.4143319762488071,1.4047074497652214,0.8883431035079804
nsl,3,U2R,su_attempted,Content,0.0,0.0,0.0,0.0011549724154237251
nsl,3,U2R,num_root,Content,0.14081220230012126,0.04409944952301983,0.13589673494681012,0.13056027750982951
nsl,3,U2R,num_file_creations,Content,0.666910113439568,0.6528209577490752,0.6720525243797818,0.25714581736498754
nsl,3,U2R,num_shells,Content,0.12737643074344945,0.12737643074344945,0.12350095365498517,0.0155670590069447
nsl,3,U2R,num_access_files,Content,0.10838702884880272,-0.10838702884880272,0.11250410531018232,0.010958052202241145
nsl,3,U2R,is_host_login,Content,0.030696923668320115,-0.030696923668320115,0.030510773529877532,0.0
nsl,3,U2R,is_guest_login,Content,0.027169443339713523,0.027169443339713523,0.026997555399665963,0.05834928466497947
nsl,3,U2R,count,Time,0.1247142058721668,0.12372684647404664,0.14601537256149222,0.173937898078883
nsl,3,U2R,srv_count,Time,0.2409403067887635,0.2409403067887635,0.24137738925983776,0.06707007323039342
nsl,3,U2R,serror_rate,Time,0.06350328541688018,-0.06350328541688018,0.0645499137872075,0.02521737045426562
nsl,3,U2R,srv_serror_rate,Time,0.07602642134234712,0.07602642134234712,0.06906109524739755,0.030144559412528405
nsl,3,U2R,rerror_rate,Time,0.09750504409139221,0.09750504409139221,0.0870795525811814,0.024258134504968953
nsl,3,U2R,srv_rerror_rate,Time,0.04840681898231442,0.04840681898231442,0.04032055847346783,0.003147558197284721
nsl,3,U2R,same_srv_rate,Time,0.06592534953174559,-0.06592534953174559,0.0840803360113421,0.027211677561816132
nsl,3,U2R,diff_srv_rate,Time,0.1588155429910969,-0.1588155429910969,0.1659963710888012,0.04188036759434319
nsl,3,U2R,srv_diff_host_rate,Time,0.021472803405108484,0.021169795642128668,0.02046470348156888,0.0032957349606550514
nsl,3,U2R,dst_host_count,Host,0.1901408267786374,-0.025624268512065347,0.19500711816992308,0.3771694026811905
nsl,3,U2R,dst_host_srv_count,Host,0.6636626086625699,0.2733023256768246,0.666193039685085,0.8405373382356923
nsl,3,U2R,dst_host_same_srv_rate,Host,0.32787753722152196,-0.04045982779683294,0.34137122937150904,0.11508996779464083
nsl,3,U2R,dst_host_diff_srv_rate,Host,0.2764944752325883,-0.10625394106515355,0.29170280352637573,0.3992954695056116
nsl,3,U2R,dst_host_same_src_port_rate,Host,0.18407020712825092,0.11116236282160154,0.17896454212431973,0.10363272171643739
nsl,3,U2R,dst_host_srv_diff_host_rate,Host,0.19124316041534012,0.07037687301635742,0.19457711400212468,0.21924384102930086
nsl,3,U2R,dst_host_serror_rate,Host,0.23960189822734007,0.08847033020385818,0.2348006396881632,0.38625549508409723
nsl,3,U2R,dst_host_srv_serror_rate,Host,0.15748303924133447,0.0638383392659897,0.1570751650472851,0.10505615029974867
nsl,3,U2R,dst_host_rerror_rate,Host,0.16797311178635102,-0.046992818522896315,0.17346488319438053,0.19796602810053401
nsl,3,U2R,dst_host_srv_rerror_rate,Host,0.09787331707775593,0.06643534819217953,0.0985036460632408,0.015746143964320624
nsl,4,DoS,duration,Basic,0.026791720697656275,0.02497216106392443,0.028263215413317083,0.11753239867347291
nsl,4,DoS,protocol_type,Basic,0.23953105779830366,0.23953105779830366,0.2571475047431886,0.13007809773506604
nsl,4,DoS,service,Basic,0.25978123635053635,0.19217198934406043,0.277858059220016,2.1982727958150208
nsl,4,DoS,flag,Basic,1.1682431988418103,1.0070375235378741,1.1616148655116558,1.968338324068463
nsl,4,DoS,src_bytes,Basic,0.3294475773582235,0.2959101261338219,0.36593979567289353,0.8385128764659169
nsl,4,DoS,dst_bytes,Basic,0.23701349650043993,0.23701349650043993,0.24952993125654757,0.41418737421161483
nsl,4,DoS,land,Basic,0.0,0.0,0.0,0.012476572146307265
nsl,4,DoS,wrong_fragment,Basic,0.03642605226486921,0.007400809116661549,0.037795187388546765,0.06731056071817877
nsl,4,DoS,urgent,Basic,0.0,0.0,0.0,0.0006973065382480854
nsl,4,DoS,hot,Content,0.12279529040213674,0.10398574764374643,0.11953119421377778,0.06947862924623767
nsl,4,DoS,num_failed_logins,Content,0.0,0.0,0.0,0.003195041457249316
nsl,4,DoS,logged_in,Content,0.9176787194609642,0.8186118867993355,0.9199003031849862,0.08685492327064277
nsl,4,DoS,num_compromised,Content,0.10143827346153557,0.08375376793555915,0.10295861929655076,0.055773967925859314
nsl,4,DoS,root_shell,Content,0.0017839286726666615,0.0017839286726666615,0.002032562046078965,0.009306504775333454
nsl,4,DoS,su_attempted,Content,0.0,0.0,0.0,0.00017785775638185446
nsl,4,DoS,num_root,Content,0.0007715570078289602,-0.0007715570078289602,0.0005600143133779056,0.015256310346296232
nsl,4,DoS,num_file_creations,Content,0.0015312271798029542,0.0015102919877972455,0.0008647336627473123,0.0037802012051997747
nsl,4,DoS,num_shells,Content,0.0,0.0,0.0,0.002658220372977666
nsl,4,DoS,num_access_files,Content,0.0,0.0,0.0,0.004480998298065966
nsl,4,DoS,is_host_login,Content,0.0,0.0,0.0,0.0
nsl,4,DoS,is_guest_login,Content,0.02436567710712552,0.02436567710712552,0.027180605567991734,0.004558866190734081
nsl,4,DoS,count,Time,0.45819098874926567,0.4286907248198986,0.44691338412463666,1.4829832097152247
nsl,4,DoS,srv_count,Time,0.38432747749611734,0.28652775840833783,0.37548126858659087,0.5943861152231695
nsl,4,DoS,serror_rate,Time,0.41046743880957365,0.14226233709603547,0.4508779805153608,0.17008204315708286
nsl,4,DoS,srv_serror_rate,Time,0.28903170438949016,0.19107983408961446,0.31536568015115335,0.055654641156696015
nsl,4,DoS,rerror_rate,Time,0.6920632121618837,0.6439886269625277,0.704881108943373,0.03422921202378349
nsl,4,DoS,srv_rerror_rate,Time,0.26131406013388186,0.2568055607844144,0.27303777054999956,0.0035323070823942543
nsl,4,DoS,same_srv_rate,Time,0.1937841151840985,0.1848034334741533,0.18024507803493178,0.2355961760386708
nsl,4,DoS,diff_srv_rate,Time,0.573564733993262,0.5693728423677384,0.5984620668832212,0.17540137204231002
nsl,4,DoS,srv_diff_host_rate,Time,0.03117484140646411,0.019975145710341168,0.035336586185730996,0.037021630121627805
nsl,4,DoS,dst_host_count,Host,0.19665646605193615,0.17224264316260815,0.20313952453434467,0.15983838245039805
nsl,4,DoS,dst_host_srv_count,Host,0.1712364242086187,0.08369825535919517,0.1802031087130308,0.1941278627808207
nsl,4,DoS,dst_host_same_srv_rate,Host,0.1303358986414969,0.12451263310387731,0.1455489826295525,0.2008762527834624
nsl,4,DoS,dst_host_diff_srv_rate,Host,0.2813891409803182,0.2699469857942313,0.27995982658118007,0.5045860454738141
nsl,4,DoS,dst_host_same_src_port_rate,Host,0.1599523113761097,0.13434951993636787,0.18425092661753298,0.40140327072143533
nsl,4,DoS,dst_host_srv_diff_host_rate,Host,0.1407020221860148,0.13186013905098662,0.14711759522557258,0.14802765108179305
nsl,4,DoS,dst_host_serror_rate,Host,0.35103542109020053,0.24375521902926267,0.35786459241993723,0.5124283236702906
nsl,4,DoS,dst_host_srv_serror_rate,Host,0.27004050951451064,0.13296827930957078,0.25621607892215253,0.3043791203608854
nsl,4,DoS,dst_host_rerror_rate,Host,0.996038049645722,0.9099046510085463,1.0151839295215905,0.7615907004447655
nsl,4,DoS,dst_host_srv_rerror_rate,Host,0.0755518607981503,0.004842151645570994,0.08104527160525322,0.045048282835166875
nsl,4,Normal,duration,Basic,0.015575990432407706,-0.00014875551452860235,0.01553981393459253,0.19678827196294157
nsl,4,Normal,protocol_type,Basic,0.14072462808340788,0.10859547268599272,0.13902198855765163,0.17304167610872534
nsl,4,Normal,service,Basic,0.7731743764877319,0.7428222114592791,0.7698903579451144,3.839376875597984
nsl,4,Normal,flag,Basic,0.3935370979458094,0.3912488829344511,0.39839180529117585,0.35756473157834257
nsl,4,Normal,src_bytes,Basic,0.45945059596560894,0.42218253313563764,0.45510895914398136,1.7625452037956566
nsl,4,Normal,dst_bytes,Basic,0.18965986178722233,-0.05882015032228082,0.20066306304419412,0.5285290548843333
nsl,4,Normal,land,Basic,0.0,0.0,0.0,0.002803192343970296
nsl,4,Normal,wrong_fragment,Basic,0.008232701567467303,0.007962381679099052,0.00839305271860212,0.029251256589544927
nsl,4,Normal,urgent,Basic,0.0,0.0,0.0,0.001117777504900005
nsl,4,Normal,hot,Content,0.07290145833045245,0.03254696805030108,0.07234646312892437,0.2232346571695525
nsl,4,Normal,num_failed_logins,Content,0.0,0.0,0.0,0.00314757587033091
nsl,4,Normal,logged_in,Content,1.1255269333720208,0.9862699714303017,1.139860605597496,0.1348633690071292
nsl,4,Normal,num_compromised,Content,0.005671198637573979,0.005671198637573979,0.006369414939545095,0.03940561176321353
nsl,4,Normal,root_shell,Content,0.004577483683824539,0.004577483683824539,0.004213089311961084,0.018716444406119994
nsl,4,Normal,su_attempted,Content,0.0,0.0,0.0,0.0004965521319390972
nsl,4,Normal,num_root,Content,0.0011539922276278959,0.0011438993792398833,0.0012088538906391477,0.03682416696468499
nsl,4,Normal,num_file_creations,Content,0.005896329828538001,0.005896329828538001,0.004245719616301357,0.033610966622560225
nsl,4,Normal,num_shells,Content,0.0,0.0,0.0,0.00378273252840154
nsl,4,Normal,num_access_files,Content,0.0,0.0,0.0,0.005475579291742178
nsl,4,Normal,is_host_login,Content,0.0,0.0,0.0,0.0
nsl,4,Normal,is_guest_login,Content,0.019053626540116966,0.0018835182162001728,0.019133920799940824,0.004539247896923369
nsl,4,Normal,count,Time,0.3140200692974031,0.0832761194370687,0.33546350330114366,0.3071351126963272
nsl,4,Normal,srv_count,Time,0.18946782271144913,0.06441622679820284,0.1987351233093068,0.05380061379261313
nsl,4,Normal,serror_rate,Time,0.190029972223565,0.190029972223565,0.19989333279430865,0.041809009094518845
nsl,4,Normal,srv_serror_rate,Time,0.15327226966619492,0.15327226966619492,0.15105401314795017,0.021423643300350702
nsl,4,Normal,rerror_rate,Time,0.06524620954412967,0.06401708013843745,0.0621976762637496,0.02652595491707326
nsl,4,Normal,srv_rerror_rate,Time,0.08067781763151288,0.08067781763151288,0.0810927852615714,0.004993883384719084
nsl,4,Normal,same_srv_rate,Time,0.13490769788622856,0.13074391975998878,0.140681389272213,0.06369113383529475
nsl,4,Normal,diff_srv_rate,Time,0.10077021753415466,0.10064718509092926,0.10252616001293063,0.06332298428157808
nsl,4,Normal,srv_diff_host_rate,Time,0.22128338458016514,0.1534962007217109,0.2243954256689176,0.033204963691532606
nsl,4,Normal,dst_host_count,Host,0.11105807954445482,0.021296825278550386,0.10767253380268813,0.1631938417479396
nsl,4,Normal,dst_host_srv_count,Host,0.39209728097543123,0.3430234671570361,0.39456991182640194,0.7429130421015435
nsl,4,Normal,dst_host_same_srv_rate,Host,0.03271357440855354,0.003404531734995544,0.03769707130501047,0.34599643334234126
nsl,4,Normal,dst_host_diff_srv_rate,Host,0.11045558178797364,0.10577165955677628,0.10630044645396992,0.2910426568891853
nsl,4,Normal,dst_host_same_src_port_rate,Host,0.20607982189394533,0.1410201691184193,0.19915432719513773,0.2805902181703132
nsl,4,Normal,dst_host_srv_diff_host_rate,Host,0.19462573460303248,0.10420951592735946,0.20098146845120937,0.13101756622316318
nsl,4,Normal,dst_host_serror_rate,Host,0.17910717792809008,0.17910717792809008,0.18290317609906195,0.1259974164813757
nsl,4,Normal,dst_host_srv_serror_rate,Host,0.17981117211282252,0.17981117211282252,0.18324465211480856,0.1800622889343649
nsl,4,Normal,dst_host_rerror_rate,Host,0.15921599596738814,0.10285032778978348,0.1582667439430952,0.1776658010818065
nsl,4,Normal,dst_host_srv_rerror_rate,Host,0.013084782198420726,-0.01051154461398255,0.01579638802621048,0.003120617533510085
nsl,4,Probe,duration,Basic,0.01461810844950378,-0.011505313878878952,0.015302837311755866,0.11145061011325738
nsl,4,Probe,protocol_type,Basic,0.26487994159571826,0.17170024220831692,0.2682862335629761,0.12903364641265938
nsl,4,Probe,service,Basic,0.7327525877114386,0.7110079122241586,0.72682890644297,2.143270087391138
nsl,4,Probe,flag,Basic,1.0195783948898316,0.9141805040836334,1.047952390909195,0.535327067747712
nsl,4,Probe,src_bytes,Basic,0.7505073796212673,0.7505073796212673,0.7575150595605373,1.7968905052358752
nsl,4,Probe,dst_bytes,Basic,0.3061152628995478,0.3061152628995478,0.3200425613299012,0.4683599548267668
nsl,4,Probe,land,Basic,0.0,0.0,0.0,0.00440767900821811
nsl,4,Probe,wrong_fragment,Basic,0.03404466107487678,0.03404466107487678,0.03515644254162908,0.03147122168331408
nsl,4,Probe,urgent,Basic,0.0,0.0,0.0,0.0009094985930132687
nsl,4,Probe,hot,Content,0.013401321303099394,0.013401321303099394,0.010333368387073279,0.04290851790551096
nsl,4,Probe,num_failed_logins,Content,0.0,0.0,0.0,0.003479724825010637
nsl,4,Probe,logged_in,Content,0.6354971581697464,0.6354971581697464,0.6541355156898498,0.11922106898785564
nsl,4,Probe,num_compromised,Content,0.005291556394658983,-0.005291556394658983,0.005074705039151013,0.012049491129466329
nsl,4,Probe,root_shell,Content,0.002318681951146573,0.002318681951146573,0.0013493982941145078,0.006867617754047393
nsl,4,Probe,su_attempted,Content,0.0,0.0,0.0,0.00012880952705745578
nsl,4,Probe,num_root,Content,0.00023619558436621446,0.00021910086456045975,0.00015576238780340646,0.008941415738983773
nsl,4,Probe,num_file_creations,Content,0.003156772966030985,0.003156772966030985,0.0037745182984508575,0.0036206393005850253
nsl,4,Probe,num_shells,Content,0.0,0.0,0.0,0.0020045108968042764
nsl,4,Probe,num_access_files,Content,0.0,0.0,0.0,0.0035646006403258087
nsl,4,Probe,is_host_login,Content,0.0,0.0,0.0,0.0
nsl,4,Probe,is_guest_login,Content,0.005183163157198578,0.005183163157198578,0.0029929606372024863,0.00446335599865415
nsl,4,Probe,count,Time,0.29267089203349317,0.2684419379162136,0.2927335506584495,0.3195177940744909
nsl,4,Probe,srv_count,Time,0.15381961030885577,0.13577797843143344,0.15451990673784166,0.10876578694395724
nsl,4,Probe,serror_rate,Time,0.3116201577335596,0.29977097861468793,0.2984311494603753,0.062013725975026295
nsl,4,Probe,srv_serror_rate,Time,0.0626511908066459,0.04671142841922119,0.06562678754446097,0.012684089227039294
nsl,4,Probe,rerror_rate,Time,0.5239571965485811,0.3617165943235159,0.5233700514584779,0.09096861182572315
nsl,4,Probe,srv_rerror_rate,Time,0.255267621895764,0.19834493844071402,0.242054467049893,0.005576188333481693
nsl,4,Probe,same_srv_rate,Time,0.3850583704002202,0.28141400126740335,0.3718644248880446,0.10125844882172533
nsl,4,Probe,diff_srv_rate,Time,1.0564810312353075,1.050108492122963,1.0688552356138825,0.7689781660214063
nsl,4,Probe,srv_diff_host_rate,Time,0.20436404472216962,0.20436404472216962,0.20829596740193665,0.005405289019225165
nsl,4,Probe,dst_host_count,Host,0.13835780145367607,0.0881878182780929,0.13832010131329298,0.3080235814834014
nsl,4,Probe,dst_host_srv_count,Host,0.20316532520577313,0.004951110947877169,0.2086487299297005,0.14746334151644253
nsl,4,Probe,dst_host_same_srv_rate,Host,0.7921870484948158,0.6537274065613746,0.7991648668050766,0.6249884591186418
nsl,4,Probe,dst_host_diff_srv_rate,Host,0.9896754117822275,0.8454422770114616,1.0154451381415128,1.5063193741701542
nsl,4,Probe,dst_host_same_src_port_rate,Host,0.588249565511942,0.4371272541582584,0.6101335127651691,0.38698387163365255
nsl,4,Probe,dst_host_srv_diff_host_rate,Host,0.17426704737357795,0.17078735305927695,0.17666114119812845,0.03815771927963941
nsl,4,Probe,dst_host_serror_rate,Host,0.2085508967144415,0.12784924884792417,0.20160080003086478,0.7452754962155598
nsl,4,Probe,dst_host_srv_serror_rate,Host,0.19528033707290887,-0.1130481830611825,0.2105136823281646,0.07399738760455513
nsl,4,Probe,dst_host_rerror_rate,Host,0.7556782387383282,0.5500842523761094,0.7876398463733494,0.5251449809577317
nsl,4,Probe,dst_host_srv_rerror_rate,Host,0.105827608180698,0.0855689082131721,0.11647711023688316,0.012536828584270552
nsl,4,R2L,duration,Basic,0.44203830291517077,0.41704166525043546,0.46916165279224514,0.3063613614456844
nsl,4,R2L,protocol_type,Basic,0.05086615438340232,0.04979287900263443,0.04740362651180476,0.13133451570197943
nsl,4,R2L,service,Basic,0.6024412717856467,0.12391559099778533,0.6143710188521072,2.275219975143672
nsl,4,R2L,flag,Basic,0.1978477700892836,0.12941547485999763,0.18567898667417468,0.2691552930541802
nsl,4,R2L,src_bytes,Basic,0.5112421288900078,-0.12080567775294185,0.5435983519256115,0.6603632429083811
nsl,4,R2L,dst_bytes,Basic,0.3170394825190306,0.12985577650368213,0.3434875446557999,0.2243778081256897
nsl,4,R2L,land,Basic,0.0,0.0,0.0,0.005174481558407934
nsl,4,R2L,wrong_fragment,Basic,0.0035085791599703954,0.00177741335646715,0.0035432387591572477,0.025431346589233735
nsl,4,R2L,urgent,Basic,0.0,0.0,0.0,0.006189460863417476
nsl,4,R2L,hot,Content,0.3752126537077129,0.3131446780450642,0.3899909509345889,0.33657660404813916
nsl,4,R2L,num_failed_logins,Content,0.468571343421936,0.468571343421936,0.48052309155464173,0.2132661404213868
nsl,4,R2L,logged_in,Content,0.620100234746933,0.27510237336158755,0.6102957087755203,0.11294832101278013
nsl,4,R2L,num_compromised,Content,0.00965968493372202,0.00965968493372202,0.008140116310678423,0.01167218701777165
nsl,4,R2L,root_shell,Content,0.0011396040793624706,0.0011033093466539868,0.0010925946172210387,0.00907076215287816
nsl,4,R2L,su_attempted,Content,0.0,0.0,0.0,0.00011686623285640973
nsl,4,R2L,num_root,Content,0.003428427428007126,0.003428427428007126,0.003467136062681675,0.017761540267820234
nsl,4,R2L,num_file_creations,Content,0.002300494574737968,-0.0013786308919952717,0.002815624322684016,0.02304812782101363
nsl,4,R2L,num_shells,Content,0.0,0.0,0.0,0.008533535268739796
nsl,4,R2L,num_access_files,Content,0.0,0.0,0.0,0.011238157593194043
nsl,4,R2L,is_host_login,Content,0.0,0.0,0.0,0.0
nsl,4,R2L,is_guest_login,Content,0.5749411700293422,0.5295188214257359,0.5609006424620747,0.31589251551599234
nsl,4,R2L,count,Time,0.6380806279182434,0.6380806279182434,0.627929049730301,0.3987660583886318
nsl,4,R2L,srv_count,Time,0.5220881545543671,0.5220881545543671,0.526328734755516,0.10911492727883162
nsl,4,R2L,serror_rate,Time,0.0345897060027346,0.02887317805085331,0.04428070609457791,0.04604315194045195
nsl,4,R2L,srv_serror_rate,Time,0.008309503166819922,0.0002185216691577807,0.007979709554929286,0.015830155109055343
nsl,4,R2L,rerror_rate,Time,0.0571723597496748,0.03612325184047222,0.054460834562778476,0.024509922895114868
nsl,4,R2L,srv_rerror_rate,Time,0.022039106613956392,-0.01663016540464014,0.0220781469065696,0.001199693538823339
nsl,4,R2L,same_srv_rate,Time,0.11150664448738098,0.10824157595634461,0.11270747609436511,0.029536995878326703
nsl,4,R2L,diff_srv_rate,Time,0.08520388942211866,0.07283685307949782,0.08692150462418795,0.03982914723834256
nsl,4,R2L,srv_diff_host_rate,Time,0.029254290671087802,0.018466235012747346,0.026805892786942422,0.009347624559188267
nsl,4,R2L,dst_host_count,Host,0.16954908271087332,0.00027192705078050495,0.17013211399316788,0.14951661402313043
nsl,4,R2L,dst_host_srv_count,Host,0.446041232640855,0.10509979637339711,0.44602127093356103,0.149236933242064
nsl,4,R2L,dst_host_same_srv_rate,Host,0.26140277872327716,0.12775160075630992,0.26539123175665735,0.2499300185032189
nsl,4,R2L,dst_host_diff_srv_rate,Host,0.32415255896747114,0.253857825063169,0.32091136489994826,0.2516107776430436
nsl,4,R2L,dst_host_same_src_port_rate,Host,0.3154677325859666,0.17771594766527415,0.32063800130039455,0.3709407855817119
nsl,4,R2L,dst_host_srv_diff_host_rate,Host,0.17675129493232816,0.10580548406112938,0.1767911909427494,0.20334855912066996
nsl,4,R2L,dst_host_serror_rate,Host,0.2678597280802205,-0.13957596961874516,0.26745457886718216,0.20661005197651675
nsl,4,R2L,dst_host_srv_serror_rate,Host,0.20192466847598553,0.20192466847598553,0.20555696945637464,0.05403272262163227
nsl,4,R2L,dst_host_rerror_rate,Host,0.2199313578393776,0.20455595600535162,0.2218644643877633,0.059755593922454865
nsl,4,R2L,dst_host_srv_rerror_rate,Host,0.07581360046751798,-0.06281968308612704,0.07740792409982532,0.0358348870331247
nsl,4,U2R,duration,Basic,0.8869695385565629,0.6539585964905249,0.8733488336155141,0.3900772898664818
nsl,4,U2R,protocol_type,Basic,0.07633569335715996,0.02041137694204981,0.08233894045288498,0.04401195481218195
nsl,4,U2R,service,Basic,1.9309743562260189,1.9309743562260189,2.002894428936211,1.6214084372931235
nsl,4,U2R,flag,Basic,0.43001247476786375,0.35039780009537935,0.4725440656011169,0.3063021581078805
nsl,4,U2R,src_bytes,Basic,0.5387743401366312,-0.048601509348766225,0.552378647834868,0.35580351423421824
nsl,4,U2R,dst_bytes,Basic,0.6718324863830129,0.37602647051617905,0.6833667228803844,0.794962043078566
nsl,4,U2R,land,Basic,0.0,0.0,0.0,0.004215099446623386
nsl,4,U2R,wrong_fragment,Basic,0.007757695788215543,0.003590005657610458,0.007552355452365166,0.025234706386470716
nsl,4,U2R,urgent,Basic,0.023648821018837595,-0.023648821018837595,0.03170081409248146,0.004470371616047781
nsl,4,U2R,hot,Content,0.3597381305157182,0.29771867550821424,0.3579882786521134,0.0828166572326744
nsl,4,U2R,num_failed_logins,Content,0.0271361091652432,0.021001107789374685,0.03029551377167573,0.026839461479795396
nsl,4,U2R,logged_in,Content,0.7328664700727205,0.510043483328175,0.7797382328961346,0.20583193674809425
nsl,4,U2R,num_compromised,Content,0.2886378931989138,0.06477024907095207,0.29219226443485635,0.09185345332198021
nsl,4,U2R,root_shell,Content,0.9047181510014107,0.8959207759943564,0.8964733238759879,0.8051822260546033
nsl,4,U2R,su_attempted,Content,0.0,0.0,0.0,0.0018741006877020037
nsl,4,U2R,num_root,Content,0.10018701171498538,0.0814002222171906,0.10191692913763659,0.18386958568463901
nsl,4,U2R,num_file_creations,Content,0.5744239324200395,0.554813529314423,0.5599397792405373,0.3350907511381052
nsl,4,U2R,num_shells,Content,0.05772687250597251,-0.014835764805006015,0.05761790700961609,0.018692470560592877
nsl,4,U2R,num_access_files,Content,0.04797552324630119,-0.04797552324630119,0.051463123914357777,0.012206396487749157
nsl,4,U2R,is_host_login,Content,0.034589754568563925,-0.034589754568563925,0.04041276429150555,0.0
nsl,4,U2R,is_guest_login,Content,0.04895729642059352,0.04895729642059352,0.04509539378655923,0.07316349053224358
nsl,4,U2R,count,Time,0.1883803842639601,0.1883803842639601,0.18432015568219326,0.166017357038485
nsl,4,U2R,srv_count,Time,0.27694481852892283,0.26915918491982127,0.2821207354600365,0.07834161346451053
nsl,4,U2R,serror_rate,Time,0.01595260652499525,-0.013967412105459417,0.014094856422948273,0.04263912449056767
nsl,4,U2R,srv_serror_rate,Time,0.16180569597998182,0.16180569597998182,0.1557093955375053,0.015388898457395286
nsl,4,U2R,rerror_rate,Time,0.08094433463505797,0.08094433463505797,0.07918540932036736,0.02168100365764788
nsl,4,U2R,srv_rerror_rate,Time,0.03656996031467979,0.03656996031467979,0.036030168569571266,0.0031777296312734634
nsl,4,U2R,same_srv_rate,Time,0.03250023110996227,0.03250023110996227,0.03605384017164643,0.02500610778806731
nsl,4,U2R,diff_srv_rate,Time,0.13535166994945422,0.13535166994945422,0.13400241591640422,0.03461253587895928
nsl,4,U2R,srv_diff_host_rate,Time,0.03280134383286979,0.03280134383286979,0.03319078412007641,0.0014969719699709806
nsl,4,U2R,dst_host_count,Host,0.1510422404830319,0.015923206656667833,0.15190465380815235,0.4502104305171383
nsl,4,U2R,dst_host_srv_count,Host,0.44537502789014094,0.11723699984518257,0.4677336797923655,1.007726298236112
nsl,4,U2R,dst_host_same_srv_rate,Host,0.21938211512374314,-0.10027103525007496,0.2268198542800304,0.09414497184963594
nsl,4,U2R,dst_host_diff_srv_rate,Host,0.23460290611192985,-0.08574969834975295,0.24857545528258826,0.385654497191914
nsl,4,U2R,dst_host_same_src_port_rate,Host,0.10302662604010186,0.05204412251761233,0.10915280115866177,0.07418520607658334
nsl,4,U2R,dst_host_srv_diff_host_rate,Host,0.10665609484311898,-0.048356922299324256,0.11181096740796961,0.1717917942294121
nsl,4,U2R,dst_host_serror_rate,Host,0.41061338782310486,0.04817833529936301,0.4159199543095924,0.41310861405941685
nsl,4,U2R,dst_host_srv_serror_rate,Host,0.08157147805684724,0.041984628344810496,0.07897361084768498,0.1205808571352611
nsl,4,U2R,dst_host_rerror_rate,Host,0.1423862030717066,-0.0022930679905756907,0.15321301047161623,0.19656121084416237
nsl,4,U2R,dst_host_srv_rerror_rate,Host,0.08689804566470352,0.03907358057394221,0.09464195522328687,0.0076437809726386955
